爱不释手,喜爱得舍不得放手
爱莫能助,"虽然同情,但无力相助||虽然心中关切同情，却没有力量帮助"
爱民如子,爱护百姓像爱护自己的子女||旧时用以称颂帝王或官吏对老百姓仁爱||旧时称赞某些统治者爱护百姓，就象爱护自己的子女一样
悔罪自新 ,悔改罪行，重新做人||悔改罪行，重新做人
授受不亲 ,旧指男女不能互相亲手递受物品||指儒家束缚男女的礼教||旧指男女不能互相亲手递受物品||指儒家束缚男女的礼教
按兵不动,使军队暂不行动||现也比喻暂不开展工作||使军队暂不行动||现也比喻暂不开展工作
暗渡陈仓,比喻用造假象的手段来达到某种目的||也隐喻男女私通||比喻用造假象的手段来达到某种目的||也隐喻男女私通
傲慢无礼,态度傲慢，对人不讲礼节||态度傲慢，对人不讲礼节
哀鸿遍野,比喻啼饥号寒的灾民||比喻在天灾人祸中到处都是流离失所、呻吟呼号的饥民||比喻啼饥号寒的灾民||比喻在天灾人祸中到处都是流离失所、呻吟呼号的饥民
家喻户晓,家家户户都知道||形容人所共知||家家户户都知道||形容人所共知
八仙过海,后以比喻各自拿出本领或办法，互相竞赛||相传八仙过海时不用舟船，各有一套法术||民间因有“八仙过海，各显神通”的谚语||后以比喻各自拿出本领或办法，互相竞赛
百花齐放,比喻各种不同形式和风格的艺术自由发展||也形容艺术界的繁荣景象||形容百花盛开，丰富多彩||比喻各种不同形式和风格的艺术自由发展||也形容艺术界的繁荣景象
百川归海,比喻大势所趋或众望所归||也比喻许多分散的事物汇集到一个地方||许多江河流入大海||比喻大势所趋或众望所归||也比喻许多分散的事物汇集到一个地方
不耻下问,乐于向学问或地位比自己低的人学习，而不觉得不好意思||乐于向学问或地位比自己低的人学习，而不觉得不好意思
沧海一粟,大海里的一粒谷子||比喻非常渺小||大海里的一粒谷子||比喻非常渺小
错落有致,形容事物的布局虽然参差不齐，但却极有情趣，使人看了有好感||形容事物的布局虽然参差不齐，但却极有情趣，使人看了有好感
小试锋芒 ,比喻稍微显示一下本领||比喻稍微显示一下本领
打草惊蛇,原比喻惩罚了甲而使乙有所警觉||后多比喻做法不谨慎，反使对方有所戒备||打草惊了草里的蛇||原比喻惩罚了甲而使乙有所警觉||后多比喻做法不谨慎，反使对方有所戒备
答非所问,回答的不是所问的内容||回答的不是所问的内容
灯火辉煌,形容夜晚灯光明亮的繁华景象||形容夜晚灯光明亮的繁华景象
东施效颦,比喻模仿别人，不但模仿不好，反而出丑||有时也作自谦之词，表示自己根底差，学别人的长处没有学到家||比喻胡乱模仿，效果极坏
东山再起,指退隐后再度出任要职||也比喻失势后重新恢复地位||指再度出任要职||也比喻失势之后又重新得势
对牛弹琴,讥笑听话的人不懂对方说得是什么||用以讥笑说话的人不看对象||讥笑听话的人不懂对方说得是什么||用以讥笑说话的人不看对象
风流潇洒,英俊有才华，气度超脱||英俊有才华，气度超脱
风云变幻,象风云那样变化不定||比喻时局变化迅速，动向难以预料||象风云那样变化不定||比喻时局变化迅速，动向难以预料
浮光掠影,水面的光和掠过的影子，一晃就消逝||比喻观察不细致，学习不深入，印象不深刻||水面的光和掠过的影子，一晃就消逝||比喻观察不细致，学习不深入，印象不深刻
刚正不阿,刚强正直，不逢迎，无偏私||刚强正直，不逢迎，无偏私
各显神通,比喻做事各有各的一套办法，也比喻各自拿出本领互相比赛
各抒己见,各人充分发表自己的意见||各人充分发表自己的意见
隔靴搔痒,比喻说话作文不中肯、不贴切，没有抓住要点||或做事没有抓住关键||隔着靴子搔痒痒||比喻说话作文不中肯，不贴切，没有抓住要点||或做事没有抓住关键
毛遂自荐 ,毛遂自我推荐||比喻自告奋勇，自己推荐自己担任某项工作||毛遂自我推荐||比喻自告奋勇，自己推荐自己担任某项工作
功成名就,功绩取得了，名声也有了||功绩取得了，名声也有了
孤注一掷,把所有的钱一次押上去，决一输赢||比喻在危急时用尽所有力量作最后一次冒险||把所有的钱一次押上去，决一输赢||比喻在危急时用尽所有力量作最后一次冒险
刮目相看,指别人已有进步，不能再用老眼光去看他||指别人已有进步，不能再用老眼光去看他
挂一漏万,形容说得不全，遗漏很多||形容说得不全，遗漏很多
借题发挥 ,借着某件事情为题目来做文章，以表达自己真正的意见或主张||也指假借某事为由，去做其它的事||借着某件事情为题目来做文章，以表达自己真正的意见或主张||也指假借某事为由，去做其它的事
归心似箭,想回家的心情像射出的箭一样快||形容回家心切||想回家的心情像射出的箭一样快||形容回家心切
狗尾续貂,貂尾不够用了拿狗尾巴来顶替，指封官太滥||后来比喻用不好的东西接在好的后面，前后非常不相称||晋代皇帝的侍从官员用作帽子的装饰||指封官太滥||亦比喻拿不好的东西补接在好的东西后面，前后两部分非常不相称
高风亮节,形容道德和行为都很高尚||形容道德和行为都很高尚
高朋满座,高贵的朋友坐满了席位||形容宾客很多||高贵的朋友坐满了席位||形容宾客很多
高山流水,比喻知己或知音，也比喻乐曲高妙||比喻知己或知音||也比喻乐曲高妙
高谈阔论,多指不着边际地大发议论||多指不着边际地大发议论
鹤立鸡群,像鹤站在鸡群中一样||比喻一个人的仪表或才能在周围一群人里显得很突出||象鹤站在鸡群中一样||比喻一个人的仪表或才能在周围一群人里显得很突出
哄堂大笑,形容满屋子的人同时大笑||形容全屋子的人同时大笑
狐假虎威,狐狸借老虎的威势||比喻仰仗别人的势力来欺压人||狐狸假借老虎的威势||比喻依仗别人的势力欺压人
画龙点睛,原形容梁代画家张僧繇作画的神妙||后多比喻写文章或讲话时，在关键处用几句话点明实质，使内容更加生动有力||原形容梁代画家张僧繇作画的神妙||后多比喻写文章或讲话时，在关键处用几句话点明实质，使内容生动有力
画蛇添足,画蛇时给蛇添上脚||比喻做了多余的事，非但无益，反而不合适||也比喻虚构事实，无中生有||画蛇时给蛇添上脚||比喻做了多余的事，非但无益，反而不合适||也比喻虚构事实，无中生有
化险为夷,化危险为平安，比喻将危险转为平安||化危险为平安||比喻转危为安
豁然开朗,形容由狭窄幽暗突然变得宽阔明亮||比喻突然领悟，思路豁然开阔||从黑暗狭窄变得宽敞明亮||比喻突然领悟了一个道理
八面玲珑,本指窗户宽敞明亮，后用来形容人处世圆滑，待人接物面面俱到||本指窗户明亮轩敞||后用来形容人处世圆滑，待人接物面面俱到
欢聚一堂,欢乐地聚集在一起||欢乐地聚集在一起
欢声雷动,欢笑的声音像雷一样响着||形容热烈欢呼的动人场面||欢笑的声音象雷一样响着||形容热烈欢乎的动人场面
黄粱一梦,比喻虚幻不能实现的梦想||比喻虚幻不能实现的梦想
井底之蛙,井底的蛙只能看到井口那么大的一块天||比喻见识狭窄的人||井底的蛙只能看到井口那么大的一块天||比喻见识狭窄的人
噤若寒蝉,像深秋的蝉一声不吭||比喻因害怕或有顾虑而不敢说话||象深秋的蝉那样一声不吭||比喻因害怕有所顾虑而不敢说话
刻舟求剑,比喻虚幻不能实现的梦想||又喻荣华富贵如梦一般，短促而虚幻||亦喻梦寐以求的愿望落空||比喻不懂事物已发展变化而仍静止地看问题
精卫填海,旧时比喻仇恨极深、立志报复||后比喻意志坚决，不畏艰难||精卫衔来木石，决心填平大海||旧时比喻仇恨极深，立志报复||后比喻意志坚决，不畏艰难
居安思危,虽然处在平安环境中，也要想到可能出现的危险||指要随时有应对意外事件的思想准备||虽然处在平安的环境里，也想到有出现危险的可能||指随时有应付意外事件的思想准备
两情相悦,指男女双方彼此情投意合
黯然失色 ,后比喻相形之下，某事物失去光彩，远不如人||本指心怀不好，脸色难看||后多比喻相形之下很有差距，远远不如
茅塞顿开,原指心里像有茅草堵住，现在突然被打开||比喻思想豁然开窍||原来心里好像有茅草堵塞着，现在忽然被打开了||形容思想忽然开窍，立刻明白了某个道理
没精打采,形容精神不振，提不起劲头||形容精神不振，提不起劲头
目不斜视,眼睛不偷看旁边||比喻为人行止端方，也形容只朝一个方向看||眼睛不偷看旁边||比喻为人行止端方||也形容只朝一个方向看
目中无人,眼里没有别人||形容骄傲自大，看不起人||眼里没有别人||形容骄傲自大，看不起人
名落孙山,名字落在榜末孙山的后面||指考试或选拔未被录取||名字落在榜末孙山的后面||指考试或选拔没有录取
明日黄花,原本形容重阳节后的残菊||后来比喻过时或无意义的事物||原指重阳节过后逐渐萎谢的菊花||后多比喻过时的事物或消息
南辕北辙,想往南而车子却向北行||比喻行动和目的正好相反||想往南而车子却向北行||比喻行动和目的正好相反
以身报国 ,把身体献给国家||指宁愿为国家的安危奉献自己的生命||把身体献给国家||指宁愿为国家的安危奉献自己的生命
仇深似海 ,仇恨极深
兴致索然 ,一点儿兴趣都没有||一点儿兴趣都没有
鹏程万里,相传鹏鸟能飞万里路程||比喻前程远大||相传鹏鸟能飞万里路程||比喻前程远大
平心静气,心情平和，态度冷静||心情平和，态度冷静
乘热打铁 ,比喻做事抓紧时机，加速进行||比喻做事抓紧时机，加速进行
普天同庆,天下的人或全国的人共同庆祝||天下的人或全国的人共同庆祝
破釜沉舟,比喻下决心不顾一切地干到底||比喻下决心不顾一切地干到底
气象万千,形容景象或事物壮丽而多变化||形容景象或事物壮丽而多变化
气宇轩昂,形容人精力充沛，风度不凡||形容人精力充沛，风度不凡
招摇过市 ,指在公开场合大摇大摆地显示声势，引人注意||指在公开场合大摇大摆显示声势，引人注意
兵连祸结 ,战争接连不断，带来了无穷的灾祸||战争接连不断，带来了无穷的灾祸
情深似海,形容情爱深厚，像大海一样不可量||形容情爱深厚，像大海一样不可量
心想事成,心里想到的，都能成功||多用于祝福语
穷山恶水,形容自然条件非常恶劣的地方||形容自然条件非常差
忍辱负重,为了完成艰巨的任务，忍受暂时的屈辱||为了完成艰巨的任务，忍受暂时的屈辱
殊途同归 ,通过不同的途径，到达同一个目的地||比喻采取不同的方法而得到相同的结果||通过不同的途径，到达同一个目的地||比喻采取不同的方法而得到相同的结果
循规蹈矩 ,原指遵守规矩，不敢违反||现也指拘守旧准则，不敢稍做变动||循、蹈：遵循，依照||规、矩是定方圆的标准工具，借指行为的准则||原指遵守规矩，不敢违反||现也指拘守旧准则，不敢稍做变动
人琴俱亡,形容看到遗物，怀念死者的悲伤心情||形容看到遗物，怀念死者的悲伤心情
铁杵成针,比喻只要有毅力，肯下苦功，事情就能成功||比喻只要有毅力，肯下苦功，事情就能成功
条分缕析,形容分析得条理分明、极为严谨||有条有理地细细分析
痛心疾首,形容为痛恨或懊悔而心里极度难受、连头也痛||比喻悲痛或痛恨到了极点||形容痛恨到了极点
望梅止渴,原意：想吃梅子、流口水，就觉得不渴了||比喻用空想来安慰自己，尽管愿望无法实现||原意是梅子酸，人想吃梅子就会流涎，因而止渴||后比喻愿望无法实现，用空想安慰自己
望风而逃,远远看到对方气势很盛，就害怕得赶紧逃跑||形容非常怯敌||远远望见对方的气势很盛，就吓得逃跑了||形容十分怯敌
亡羊补牢,羊逃跑了再去修补羊圈，还不算晚||比喻出了问题之后及时补救，还能避免后续损失||羊逃跑了再去修补羊圈，还不算晚||比喻出了问题以后想办法补救，可以防止继续受损失
妄自菲薄,过分看轻自己，形容自卑、不自信||过分看轻自己||形容自卑
未雨绸缪,天还没下雨时，就把门窗缝补牢固||比喻事先做好准备，预防意外发生||天还没有下雨，先把门窗绑牢||比喻事先做好准备工作
温故知新,温习旧知识，从中获得新的理解与体会，也指借鉴过去以更好地认识现在||温习旧的知识，得到新的理解和体会||也指回忆过去，能更好地认识现在
学以致用,学习是为了应用||强调理论知识要与实际结合||为了实际应用而学习
悬崖勒马,行至悬崖边缘时勒住马||比喻及时醒悟，从危险或错误中回头||在高高的山崖边上勒住马||比喻到了危险的边缘及时清醒回头
扬长避短,发挥长处，回避短处||强调扬长补短，取长补短||发挥或发扬优点或有利条件，克服或回避缺点或不利条件
掩耳盗铃,捂住自己的耳朵去偷铃铛，以为听不到别人也不会听到||比喻自欺欺人||偷铃铛怕别人听见而捂住自己的耳朵||比喻自己欺骗自己，明明掩盖不住的事情偏要想法子掩盖
全力以赴  ,将全部力量用上去||把全部力量都投入进去
丰富多彩  ,形容种类、花色繁多||内容丰富，花色繁多
余波未平  ,指某一事件虽然结束了，可是留下的影响还在起作用||指某一事件虽然结束了，可是留下的影响还在起作用
脱颖而出  ,锥尖透过布囊显露出来||比喻本领全部显露出来||锥尖透过布囊显露出来||比喻本领全部显露出来
实事求是  ,指从实际对象出发，探求事物的内部联系及其发展的规律性，认识事物的本质||通常指按照事物的实际情况办事||指从实际对象出发，探求事物的内部联系及其发展的规律性，认识事物的本质||通常指按照事物的实际情况办事
一如既往  ,与从前完全一样||指态度没有变化，完全象从前一样
众所周知  ,"不需要举出例证,人人都知道||大家普遍知道的||大家普遍知道的"
因地制宜  ,"根据不同地区的具体条件,制定相应的妥善措施||根据各地的具体情况，制定适宜的办法"
千方百计  ,"想尽一切办法,用尽各种计谋||想尽或用尽一切办法||想尽或用尽一切办法"
层出不穷,接连不断地出现，没有穷尽||接连不断地出现，没有穷尽
莫名其妙  ,说不出其中的奥妙||指事情很奇怪，说不出道理来||说不出其中的奥妙||指事情很奇怪，说不出道理来
名列前茅  ,比喻名次列在前面||本为古代军队前哨斥候为通报后军而举的茅草||后用以比喻评比、考试等名位排列在前几名||比喻名次列在前面
络绎不绝,形容行人车马来来往往，接连不断||形容行人车马来来往往，接连不断
弄虚作假,"耍花招,用虚伪面目或假冒物品行骗||耍花招欺骗人||耍花招欺骗人"
任重道远  ,"担子重,路途远||比喻肩负需经历长期奋斗的重任||比喻责任重大，要经历长期的奋斗||担子很重，路很远||比喻责任重大，要经历长期的奋斗"
奋发有为  ,精神振作，有所作为||精神振作，有所作为
引人注目,由于与众不同或明显的特性而引起人的注意||吸引人们注意||吸引人们注意
深入人心  ,指思想、理论、学说、主张等为人们所理解和接受||指理论、学说、政策等为人们深切了解和信服||指理论、学说、政策等为人们深切了解和信服
落地生根  ,比喻长期安家落户|| ||比喻切切实实﹑一心一意地做好所从事的工作||比喻长期安家落户或切切实实、一心一意地做好所从事的工作
势在必行  ,不能躲开或回避||事情发展的趋势看，必须采取行动||从事情发展的趋势看，必须采取行动
史无前例  ,"谓在历史上是空前的,找不到同样的例子||前所未有||历史上从来没有过的事||指前所未有||历史上从来没有过的事||指前所未有"
理所当然  ,按道理应该如此||应当如此||按道理应当这样||按道理应当这样
耳熟能详  ,"耳朵听得多了,熟悉得能详尽地说出来||指听得多了，能够说得很清楚、很详细||指听得多了，能够说得很清楚、很详细"
由来已久  ,事情从发生到现在已经过了很长时间了||事情从发生到现在已经过了很长时间了
厉行节约  ,严格地实行节约||严格地实行节约
恶性循环  ,"若干事物,互为因果,循环不已,越来越坏||许多坏事互为因果，循环不已，越来越坏||许多坏事互为因果，循环不已，越来越坏"
铤而走险  ,"指没有办法,只得冒险||指在无路可走的时候采取冒险行动||指在无路可走的时候采取冒险行动"
举世瞩目  ,全世界的人都注意着||形容某一重大事件受到世人的普遍关注||全世界的人都注视着
足不出户  ,不出大门一步||谓闭门自守||脚不跨出家门||脚不跨出家门
翻天覆地,"天翻地覆,形容变化之大||也指闹得很凶||形容变化巨大而彻底||也指闹得很凶||形容变化巨大而彻底||也指闹得很凶"
不可思议,指怪诞出乎常情||原有神秘奥妙的意思||现多指无法想象，难以理解||原有神秘奥妙的意思||现多指无法想象，难以理解
下落不明,指不知道要寻找的人或物在什么地方||指不知道要寻找的人或物在什么地方
排忧解难  ,"排除忧愁,解除困难||排除忧愁，解除困难"
玩忽职守  ,由于工作疏忽而对他人或公众造成损害的行为||不认真、不负责地对待本职工作||不认真、不负责地对待本职工作
当务之急,当前任务中最急切要办的事||当前任务中最急切要办的事
坚持不懈  ,保持不变，毫不松懈||坚持到底，一点不忪懈||坚持到底，一点不忪懈
举足轻重  ,"以一人向背,可以影响两方面的安危成败||比喻能起到影响全局的关键作用||只要脚移动一下，就会影响两边的轻重||指处于重要地位，一举一动都足以影响全局||只要脚移动一下，就会影响两边的轻重||指处于重要地位，一举一动都足以影响全局"
卓有成效  ,有显著、突出的成绩或效果：全国人民正卓有成效地建设有中国特色的社会主义||有突出的成绩和效果||有突出的成绩和效果
不正之风,指以各种手段谋取私利和一切违反社会主义政治、道德准则的现象||不正当的社会风气||不正当的社会风气
滥用职权,指过分地或非法地行使自己掌握的权力||指过分地或非法地行使自己掌握的权力
赞不绝口  ,不住嘴的夸奖||不住口地称赞
义不容辞  ,"为了道义、大局,不能推辞||道义上不允许推辞||道义上不允许推辞"
绳之以法  ,谓以法律为准绳来加以惩治||指对违法者执行法律||根据法律制裁||根据法律制裁
尽如人意  ,完全符合人的心愿||事与愿合||事情完全符合人的心意||事情完全符合人的心意
有所作为  ,可以做事情，并能取得较大的成绩||可以做事情，并能取得较大的成绩
对症下药  ,原指医生针对病情处方用药||现在常用来比喻针对具体情况决定采取措施或处理办法||针对病症用药||比喻针对事物的问题所在，采取有效的措施||针对病症用药||比喻针对事物的问题所在，采取有效的措施
出谋划策  ,制定计谋策略||指为人出主意||制定计谋策略||指为人出主意
四面八方  ,指各个方面或各个地方||指各个方面或各个地方
首当其冲  ,"首先受到攻击,首先遭遇灾难||比喻最先受到攻击或遭到灾难||比喻最先受到攻击或遭到灾难"
马不停蹄,"奔波忙碌,不得休息||比喻时刻不停顿地前进||比喻不停顿地向前走||比喻不停顿地向前走"
在所难免  ,表示很不容易避免||指由于某种限制而难于避免||指由于某种限制而难于避免
燃眉之急  ,"十分紧急,如同火烧眉毛||火烧眉毛那样紧急||形容事情非常急迫||火烧眉毛那样紧急||形容事情非常急迫"
图文并茂  ,"指书刊中的文字流畅,插图丰富精美||指在一篇文章里，图片和文字都很丰富多彩，互相陪衬、相得益彰||"
不绝于耳  ,声音在耳边不断鸣响||声音在耳边不断鸣响
数以万计  ,以万来计算||
立竿见影  ,"竹竿立在阳光下,立刻就看到影子||比喻立见成效||在阳光下把竿子竖起来，立刻就看到影子||比喻立刻见到功效"
与日俱增  ,一天天增长||形容增长快||随着时间一天天地增长||形容不断增长||随着时间一天天地增长||形容不断增长
衣食住行  ,"穿衣,吃饭,住宿,行路||泛指生活上的基本需求||泛指穿衣、吃饭、住房、行路等生活上的基本需要"
炉火纯青 ,道士炼丹，认为炼到炉里发出纯青色的火焰就算成功了||后用来比喻功夫达到了纯熟完美的境界||比喻功夫达到了纯熟完美的境界
急功近利  ,"于求得成功,只图近期得利,形容目光短浅、胸无大志||急于求成，贪图眼前的成效和利益||急于求成，贪图眼前的成效和利益"
鲜为人知  ,很少有人知道
根深蒂固  ,"根基牢固,不可动摇||已变成性格的中心,难于或不能改变、减少或消灭||比喻基础深厚，不容易动摇||比喻基础深厚，不容易动摇"
博大精深  ,形容思想和学识广博高深||形容思想和学识广博高深||形容思想和学识广博高深
大有可为  ,"指前途极有希望,值得去做||事情有发展前途，很值得做||事情有发展前途，很值得做"
惊心动魄  ,使人神魂震惊||原指文辞优美，意境深远，使人感受极深，震动极大||后常形容使人十分惊骇紧张到极点||使人神魂震惊||原指文辞优美，意境深远，使人感受极深，震动极大||后常形容使人十分惊骇紧张到极点
不亦乐乎  ,用来表示极度、非常、淋漓尽致地意思||用来表示极度、非常、淋漓尽致地意思
独立自主  ,"未被奴役,不受他人主宰||不依靠外力或不受外界影响的||多指国家或政党维护主权，不受别人的控制或支配||多指国家或政党维护主权，不受别人的控制或支配"
浅尝辄止 ,稍微尝试一下就停止，不往深处钻研||略微尝试一下就停下来||指不深入钻研
相得益彰  ,互相配合和补充更能显出长处、发挥作用||指两个人或两件事物互相配合，双方的能力和作用更能显示出来||指两个人或两件事物互相配合，双方的能力和作用更能显示出来
取信于民,取得人民的信任||取得人民的信任
解疑释惑 ,解答疑难问题，消除困惑情绪
不速之客 ,指没有邀请突然而来的客人
心服口服 ,心里嘴上都信服||指真心信服
东拼西凑 ,比喻零乱地加以拼凑
一落千丈 ,原指琴声陡然降落||后用来形容声誉、地位或经济状况急剧下降
原原本本 ,从头到尾按原来的样子||指详细叙述事情的全部起因和整个过程，一点不漏
火上浇油 ,往火上倒油||比喻使人更加愤怒或使情况更加严重
就事论事 ,按照事物本身的性质来评定是非得失||现常指仅从事物的表面现象孤立、静止、片面地议论
没完没了 ,无尽无休，无穷无尽
报效祖国 ,为国家做出贡献、报答国家的养育之恩
劳民伤财 ,既使人民劳苦，又耗费钱财||现也指滥用人力物力
危言耸听 ,指故意说些夸大的吓人的话，使人惊疑震动
天马行空 ,天马奔腾神速，象是腾起在空中飞行一样||比喻诗文气势豪放||也比喻人浮躁，不踏实
煞费苦心 ,形容费尽心思
自欺欺人 ,欺骗自己，也欺骗别人
讳莫如深 ,原意为事件重大，讳而不言||后指把事情隐瞒得很紧
断章取义 ,指不顾全篇文章或谈话的内容，孤立地取其中的一段或一句的意思||指引用与原意不符
五彩缤纷 ,指颜色繁多，非常好看
进退两难 ,前进和后退都难||比喻事情无法决定，因而难以行动
改过自新 ,改正错误，重新做起
一口咬定 ,一口咬住不放||比喻坚持一个说法，再不改口
急于求成 ,急着要取得成功
严惩不贷 ,严厉惩罚，绝不宽恕
疲惫不堪 ,形容非常疲乏
百折不挠 ,比喻意志坚强，无论受到多少次挫折，毫不动摇退缩
一家老小 ,指全家人||一个家庭中的全部成员
大显身手 ,充分显示出本领和才能
兴旺发达 ,事物或事业充分发展、欣欣向荣的景象
头破血流 ,头打破了，血流满面||多用来形容惨败
浑水摸鱼 ,比喻乘混乱的时候从中捞取利益
不容置疑 ,不允许有什么怀疑||表示论证严密，无可怀疑
孜孜不倦 ,指工作或学习勤奋不知疲倦
长久之计 ,长远的打算
闻名遐迩 ,形容名声很大，远近都知道
千辛万苦 ,各种各样的艰难困苦
指手画脚 ,指说话时做出各种动作||形容说话时放肆或得意忘形
赫赫有名 ,声名非常显赫
灭顶之灾 ,指被水淹死||比喻毁灭性的灾难
如影随形 ,好像影子总是跟着身体一样||比喻两个人关系亲密，常在一起
风调雨顺 ,风雨及时适宜||形容风雨适合农时
无所作为 ,没有做出任何成绩||指工作中安于现状，缺乏创造性
茶余饭后 ,泛指休息或空闲的时候
痛哭流涕 ,形容伤心到极点
高屋建瓴 ,把瓶子里的水从高层顶上倾倒||比喻居高临下，不可阻遏
走马观花 ,骑在奔跑的马上看花||原形容事情如意，心境愉快||后多指大略地观察一下
步调一致 ,比喻行动和谐一致
憨态可掬 ,形容人或动物表现出单纯、天真而可爱的样子，给人一种亲切的感觉
蒙在鼓里 ,好像被包在鼓里一样||比喻受人蒙蔽，对有关的事情一点儿也不知道
屡教不改 ,多次教育，仍不改正
歪风邪气 ,指不良的作风和风气
失之交臂 ,形容当面错过
漫天要价 ,无限度地乱要价||形容所提出的条件、要求过高
平心而论 ,平心静气地给予客观评价
不在话下 ,指事物轻微，或者理所当然，不值得一提
还本付息 ,债务人按照约定的时间表和金额来偿还借款本金和支付利息的过程
担惊受怕 ,形容十分担心或害怕
约定俗成 ,指事物的名称或社会习惯往往是由人民群众经过长期社会实践而确定或形成的
廉洁奉公 ,廉洁不贪，忠诚履行公职，一心为公
果不其然 ,果然如此||指事物的发展变化跟预料的一样
晴天霹雳 ,晴天打响雷||比喻突然发生意外的，令人震惊的事件
正本清源 ,从根本上整顿，从源头上清理||比喻从根本上加以整顿清理
不负众望 ,不辜负大家的期望
瞬息万变 ,在极短的时间内就有很多变化||形容变化很多很快
不可逾越 ,不可能超过或不可能越过
靠天吃饭 ,指依赖自然条件来过日子
语焉不详 ,指虽然提到了，但说得不详细
悲痛欲绝 ,悲哀伤心到了极点
各显神通 ,每个人都能够发挥自己的才能和智慧，展现出独特的优势和能力
前赴后继 ,前面的冲上去了，后面的紧跟上来||形容不断投入战斗，奋勇冲杀向前
翻山越岭 ,翻越不少山头||形容野外工作或旅途的辛苦
临危受命 ,在危难之际接受任命
忐忑不安 ,心神极为不安
不拘一格 ,不局限于一种规格或一个格局
有机可乘 ,有空子可钻
漫山遍野 ,山上和田野里到处都是||形容很多
赞叹不已 ,连声赞赏不止
而立之年 ,人到三十岁可以自立的年龄||后为三十岁的代称
不假思索 ,形容做事答话敏捷、熟练，用不着考虑
不屈不挠 ,比喻在压力和困难面前不屈服，表现十分顽强
潸然泪下 ,形容眼泪流下来
礼尚往来 ,指礼节上应该有来有往||现也指以同样的态度或做法回答对方
条条框框 ,被视为固定的、不能变通的条例规定
灵机一动 ,急忙中转了一下念头（多指临时想出了一个办法）
引人入胜 ,引人进入佳境||现多用来指风景或文艺作品特别吸引人
若无其事 ,象没有那回事一样||形容遇事沉着镇定或不把事情放在心上
熟视无睹 ,看惯了就象没看见一样||也指看到某种现象，但不关心，只当没有看见
骇人听闻 ,使人听了非常吃惊、害怕
趋利避害 ,奔向有利的一面，而避开有害的一面
供过于求 ,供给的数量超过需要的数量
交口称赞 ,异口同声地称赞
精力充沛 ,体力强盛，精神充足
冠冕堂皇 ,形容外表庄严或正大的样子
分道扬镳 ,分路而行||比喻目标不同，各走各的路或各干各的事
荷枪实弹 ,扛着枪，上了子弹||形容全副武装，准备投入战斗
老生常谈 ,老书生经常说的话||比喻人们听惯了的没有新鲜意思的话
彻头彻尾 ,从头到尾，全部，十足的意思
活灵活现 ,形容神情逼真，使人感到好像亲眼看到一般
安身立命 ,指生活有着落，精神有所寄托
风雨同舟 ,在狂风暴雨中同乘一条船，一起与风雨搏斗||比喻共同经历患难
游手好闲 ,指人游荡懒散，不愿参加劳动
心灰意冷 ,灰心失望，意志消沉
耸人听闻 ,夸大或捏造事实，使人听了感到惊异或震动
网开一面 ,把捕禽的网撤去三面，只留一面||比喻采取宽大态度，给人一条出路
精兵强将 ,精良的士兵，勇猛的将领||形容战斗力很强的将士
电闪雷鸣 ,闪电飞光，雷声轰鸣||比喻快速有力||也比喻轰轰烈烈
星罗棋布 ,像天空的星星和棋盘上的棋子那样分布着||形容数量很多，分布很广
谈何容易 ,原指臣下向君主进言很不容易||后指事情做起来并不象说的那样简单
三缄其口 ,在他嘴上贴了三张封条||形容说话谨慎||现在也用来形容不肯或不敢开口
众目睽睽 ,许多人争着眼睛看着||指在广大群众注视之下
混为一谈 ,把不同的事物混在一起，当作同样的事物谈论
不能自拔 ,不能主动地从痛苦、错误或罪恶中解脱出来
多才多艺 ,具有多方面的才能和技艺
不欢而散 ,很不愉快地分手
井井有条 ,形容说话办事有条有理
鳞次栉比 ,像鱼鳞和梳子齿那样有次序地排列着||多用来形容房屋或船只等排列得很密很整齐
自以为是 ,总以为自己是对的||形容主观，不虚心
腾空而起 ,向高空升起
不动声色 ,在紧急情况下，说话、神态仍跟平时一样没有变化||形容非常镇静
稳扎稳打 ,稳当而有把握地打击敌人||比喻有把握、有步骤地工作
似曾相识 ,好像曾经见过||形容见过的事物再度出现
空空如也 ,原形容诚恳、虚心的样子||现形容一无所有
危在旦夕 ,形容危险就在眼前
开诚布公 ,指以诚心待人，坦白无私
可歌可泣 ,值得歌颂、赞美，使人感动流泪||形容英勇悲壮的感人事迹
口诛笔伐 ,从口头和书面上对坏人坏事进行揭露和声讨
釜底抽薪 ,把柴火从锅底抽掉||比喻从根本上解决问题
口口声声 ,形容一次一次地说，或经常说
举世闻名 ,全世界都知道||形容非常著名
光明正大 ,原指明白不偏邪||现多指心怀坦白，言行正派
一门心思 ,指一心一意
不一而足 ,指同类的事物不只一个而是很多，无法列举齐全
文山会海 ,形容文件会议多得泛滥成灾
德艺双馨 ,形容一个人的德行和艺术（技艺）都具有良好的声誉||一般指从事艺术的人
顾全大局 ,指从整体的利益着想，使不遭受损害
能上能下 ,指干部不计较职位高低，不论处于领导岗位或在基层从事实际工作，都能踏踏实实地干||实行能上能下，是对干部职务终身制的一项重要改革
胆战心惊 ,形容十分害怕
坚韧不拔 ,形容意志坚定，不可动摇
起死回生 ,把快要死的人救活||形容医术高明||也比喻把已经没有希望的事物挽救过来
全神贯注 ,全部精神集中在一点上||形容注意力高度集中
死里逃生 ,从极危险的境地中逃脱，幸免于死
一马当先 ,原指作战时策马冲锋在前||形容领先||也比喻工作走在群众前面，积极带头
平安无事 ,平平安安，没出什么事故
厚积薄发 ,多多积蓄，慢慢放出||形容只有准备充分才能办好事情
无理取闹 ,毫无理由地跟人吵闹||指故意捣乱
当机立断 ,在紧要时刻立即做出决断
八方支援 ,形容各方面都支持、援助
深情厚谊 ,深厚的感情和友谊
名存实亡 ,名义上还存在，实际上已消亡
如释重负 ,象放下重担那样轻松||形容紧张心情过去以后的的轻松愉快
雷打不动 ,形容态度坚定，不可动摇||也形容严格遵守规定，决不变更
一望无际 ,一眼望不到边||形容非常辽阔
与世隔绝 ,与社会上的人们隔离，断绝来往||形容隐居或人迹不到的极偏僻地方
门可罗雀 ,大门之前可以张起网来捕麻雀||形容十分冷落，宾客稀少
大摇大摆 ,走路时身子摇摇摆摆||形容自以为了不起的傲慢神态
将信将疑 ,有点相信，又有点怀疑
饶有兴趣 ,令人感到很有趣，并十分注意
勤勤恳恳 ,形容勤劳踏实||也形容勤恳的样子
心旷神怡 ,心境开阔，精神愉快
柴米油盐 ,泛指一日三餐的生活必需品
心照不宣 ,彼此心里明白，而不公开说出来
半途而废 ,指做事不能坚持到底，中途停顿，有始无终
半信半疑 ,有点相信，又有点怀疑||表示对真假是非不能肯定
无计可施 ,没有办法可用
轻装上阵 ,指作战时不披盔甲，比喻放下思想包袱投入工作
一塌糊涂 ,形容混乱或败坏到了不可收拾的程度
震撼人心 ,指某件事对人内心震动很大
后来居上 ,后来的超过先前的||用以称赞后起之秀超过前辈
并驾齐驱 ,并排套着的几匹马一齐快跑||比喻彼此的力量或才能不分高下
不时之需 ,说不定什么时候会出现的需要
自告奋勇 ,主动要求担任某项艰巨的任务
东山再起 ,指再度出任要职||也比喻失势之后又重新得势
锒铛入狱 ,用铁链锁起来，投入监狱
轻车简从 ,行装简单，跟随的人少（多指有地位的人）
通力合作 ,不分彼此，一齐出力
石沉大海 ,石头沉到海底||比喻从此没有消息
隐姓埋名 ,隐瞒自己的真实姓名，不让别人知道
愤愤不平 ,心中不服，感到气愤
一鼓作气 ,第一次击鼓时士气振奋||比喻趁劲头大的时候鼓起干劲，一口气把工作做完
心安理得 ,自以为做的事情合乎道理，心里很坦然
千头万绪 ,比喻事情的开端，头绪非常多||也形容事情复杂纷乱
冰天雪地 ,形容冰雪漫天盖地
奋发向上 ,精神振作，情绪高昂，具有积极向上的进取心，愿意努力奋斗
后起之秀 ,后来出现的或新成长起来的优秀人物
谨言慎行 ,谨、慎：小心，慎重||言语行动小心谨慎
时过境迁 ,随着时间的推移，情况发生变化
必争之地 ,敌对双方非争夺不可的战略要地
唯利是图 ,只要有利可图，什么事都干
居高临下 ,占据高处，俯视下面||形容占据的地势非常有利
事无巨细 ,事情不分大小||形容什么事都管
无孔不入 ,比喻有空子就钻
势不可挡 ,来势迅猛，不可抵挡
烟消云散 ,象烟云消散一样||比喻事物消失得干干净净
席地而坐 ,泛指在地上坐
豁然开朗 ,从黑暗狭窄变得宽敞明亮||比喻突然领悟了一个道理
义愤填膺 ,发于正义的愤懑充满胸中
不进则退 ,不前进就要后退
身先士卒 ,作战时将领亲自带头，冲在士兵前面||现在也用来比喻领导带头，走在群众前面
一概而论 ,指处理事情或问题不分性质，不加区别，用同一标准来对待或处理
无忧无虑 ,没有一点忧愁和顾虑
手舞足蹈 ,两手舞动，两只脚也跳了起来||形容高兴到了极点||也手乱舞、脚乱跳的狂态
千呼万唤 ,形容再三催促
各取所需 ,各自选取自己所需要的
遥遥领先 ,远远地走在最前面
杳无音信 ,没有一点消息
相濡以沫 ,泉水干了，鱼吐沫互相润湿||比喻一同在困难的处境里，用微薄的力量互相帮助
先入为主 ,指先听进去的话或先获得的印象往往在头脑中占有主导地位，以后再遇到不同的意见时，就不容易接受
横七竖八 ,有的横，有的竖，杂乱无章||形容纵横杂乱
痛心疾首 ,形容痛恨到了极点
千军万马 ,形容雄壮的队伍或浩大的声势
可有可无 ,可以有，也可以没有||指有没有都无关紧要
化整为零 ,把一个整体分成许多零散部分
阳奉阴违 ,指玩弄两面派手法，表面上遵从，暗地里违背
沉默寡言 ,不声不响，很少说话
你追我赶 ,形容竞赛激烈，大家都不甘落后
顺手牵羊 ,顺手把人家的羊牵走||比喻趁势将敌手捉住或乘机利用别人||现比喻乘机拿走别人的东西
渐入佳境 ,原指甘蔗下端比上端甜，从上到下，越吃越甜||后比喻境况逐渐好转或兴趣逐渐浓厚
听之任之 ,任凭事物存在发展而不去过问
束手就擒 ,捆起手来让人捉住||指毫不抵抗，乖乖地让人捉住
心无旁骛 ,心思没有另外的追求，形容心思集中，专心致志
以防万一 ,用以防备难以预料的事情
振聋发聩 ,声音很大，使耳聋的人也听得见||比喻用语言文字唤醒糊涂麻木的人，使他们清醒过来
杳无音讯 ,没有一点消息
情有可原 ,按情理，有可原谅的地方
尽力而为 ,用全部的力量去做
投机取巧 ,指用不正当的手段谋取私利||也指靠小聪明占便宜
小题大做 ,指拿小题目作大文章||比喻不恰当地把小事当作大事来处理，有故意夸张的意思
约法三章 ,原指订立法律与人民相约遵守||后泛指订立简单的条款
不屑一顾 ,认为不值得一看||形容极端轻视
自圆其说 ,指说话的人能使自己的论点或谎话没有漏洞
人尽其才 ,每个人都能充分发挥自己的才能
迎来送往 ,走的欢送，来的欢迎||形容忙于交际应酬
财大气粗 ,①指富有财产，气派不凡||②指仗着钱财多而气势凌人
从容应对 ,不慌不忙地应付答对
随波逐流 ,随着波浪起伏，跟着流水漂荡||比喻没有坚定的立场，缺乏判断是非的能力，只能随着别人走
望子成龙 ,希望自己的子女能在学业和事业上有成就
鸡毛蒜皮 ,比喻无关紧要的琐碎事情
肃然起敬 ,形容产生严肃敬仰的感情
公平交易 ,公平合理的买卖
束之高阁 ,捆起来以后放在高高的架子上||比喻放着不用
因噎废食 ,原意是说，因为有人吃饭噎死了，就想让天下人都不吃饭，这太荒谬了||比喻要做的事情由于出了点小毛病或怕出问题就索性不去干
火光冲天 ,火光把天都照亮了，形容火势极大
另起炉灶 ,另外重支炉灶||比喻放弃原来的，另外从头做起
打破常规 ,打破了一般的规矩或一向实行的规章制度
饮食起居 ,指人的日常生活
青黄不接 ,旧粮已经吃完，新粮尚未接上||也比喻人才或物力前后接不上
面面俱到 ,各方面都能照顾到，没有遗漏疏忽||也指虽然照顾到各方面，但一般化
天涯海角 ,形容极远的地方，或相隔极远
语无伦次 ,话讲得乱七八糟，毫无次序
箭在弦上 ,箭已搭在弦上||比喻为形势所迫，不得不采取某种行动
朗朗上口 ,指诵读诗文时的声音响亮而顺口
舍近求远 ,舍去近处的，追求远处的||形容做事走弯路
置身事外 ,把自己放在事情之外，毫不关心
鞠躬尽瘁 ,指恭敬谨慎，竭尽心力
活蹦乱跳 ,欢蹦乱跳，活泼、欢乐，生气勃勃的样子
不寒而栗 ,不冷而发抖||形容非常恐惧
明辨是非 ,分清楚是和非、正确和错误
言简意赅 ,话不多，但意思都有了||形容说话写文章简明扼要
鸟语花香 ,鸟叫得好听，花开得喷香||形容春天的美好景象
避而不谈 ,躲避开而不肯说||指有意回避事实
头头是道 ,本为佛家语，指道无所不在||后多形容说话做事很有条理
安营扎寨 ,指部队驻扎下来||也比喻建立临时的劳动或工作基地
风尘仆仆 ,形容旅途奔波，忙碌劳累
前无古人 ,指以前的人从来没有做过的||也指空前的
无可非议 ,没有什么可以指责的||表示做得妥当
无所不能 ,没有什么不能做的||指样样能做
筋疲力尽 ,形容非常疲乏，一点力气也没有了
一来二去 ,指一回又一回，经过一段时间||表示逐渐的意思
张灯结彩 ,挂上灯笼，系上彩绸||形容节日或有喜庆事情的景象
一哄而上 ,没有经过认真准备和严密组织，一下子行动起来
不由分说 ,不容人分辩
难以预料 ,很难预先想到
酣畅淋漓 ,形容非常畅快
带头作用 ,在某个行动、活动或事情中起到带头作用，引导他人跟随或参与
南辕北辙 ,想往南而车子却向北行||比喻行动和目的正好相反
自由自在 ,形容没有约束，十分安闲随意
风风火火 ,形容急急忙忙，冒冒失失的样子
冒名顶替 ,为了达到自己的某种目的，假冒别人的姓名，代他去干事或窃取他的权力、地位
保家卫国 ,保卫家乡和祖国
年富力强 ,形容年纪轻，精力旺盛
不义之财 ,不应该得到的或以不正当的手段获得的钱财
事出有因 ,事情的发生是有原因的
见死不救 ,看见人家有急难而不去救援
人烟稀少 ,住户极少、居住分散
模棱两可 ,指不表示明确的态度，或没有明确的主张
人迹罕至 ,人很少到的地方||指偏僻荒凉的地方很少有人来过
中饱私囊 ,指侵吞经手的钱财使自己得利
三天两头 ,隔一天，或几乎每天||形容经常、频繁
一贫如洗 ,穷得象用水洗过似的，什么都没有||形容十分贫穷
没日没夜 ,犹言不分白天夜晚
见贤思齐 ,见到德才兼备的人就想赶上他
戒备森严 ,警戒防备极严密
千奇百怪 ,形容各种各样奇怪的事物
麻痹大意 ,指粗心、疏忽，对事物不敏感，失去警惕性
满载而归 ,装得满满地回来||形容收获很大
至高无上 ,高到顶点，再也没有更高的了
一草一木 ,比喻极微小的东西
扬长避短 ,发挥或发扬优点或有利条件，克服或回避缺点或不利条件
同甘共苦 ,共同享受幸福，共同担当艰苦
铜墙铁壁 ,原比喻防御十分坚固，不可摧毁||也比喻团结一致
孜孜以求 ,不知疲倦地探求
抱头痛哭 ,指十分伤心或感动，抱头大哭
移风易俗 ,改变旧的风俗习惯
独具匠心 ,具有独到的灵巧的心思||指在技巧和艺术方面的创造性
追悔莫及 ,后悔也来不及了
久负盛名 ,长时期地享有好的名声
过意不去 ,心中感到不安，感到抱歉
冷嘲热讽 ,用尖刻辛辣的语言进行讥笑和讽刺
泛滥成灾 ,江河湖泊的水溢出，造成灾害||比喻不好的文章或思想到处传播，影响极坏
横冲直撞 ,乱冲乱撞，蛮横无理
沾沾自喜 ,形容自以为不错而得意的样子
有血有肉 ,比喻富有生命的活力和内容||多用来形容文艺作品中人物形象生动
争奇斗艳 ,形容百花竞放，十分艳丽
精神恍惚 ,形容神思不定或神志不清
盘根错节 ,树木的根枝盘旋交错||比喻事情纷难复杂
大兴土木 ,大规模地盖房子
老泪纵横 ,老人泪流满面，形容极度悲伤或激动
雄心壮志 ,伟大的理想，宏伟的志愿
瞒天过海 ,用欺骗的手段在暗地里活动
丧心病狂 ,丧失理智，象发了疯一样||形容言行昏乱而荒谬，或残忍可恶到了极点
目不转睛 ,眼珠子一动不动地盯着看||形容注意力集中
礼崩乐坏 ,指封建礼教的规章制度遭到极大的破坏
寝食不安 ,睡不好觉，吃不好饭||十分忧虑担心的样子
九五之尊 ,旧指帝王的尊位
自成一格 ,指形成自己独特的风格
除旧布新 ,清除旧的，建立新的||以新的代替旧的
怜香惜玉 ,比喻男子对所爱女子的照顾体贴
三人成虎 ,三个人谎报城市里有老虎，听的人就信以为真||比喻说的人多了，就能使人们把谣言当事实
振振有辞 ,形容自以为理由充分，说个没完
鹬蚌相争 ,比喻双方相持不下，而使第三者从中得利
偷天换日 ,比喻暗中改变事物的真相，以达到蒙混欺骗的目的
同心合力 ,团结一致，共同努力
不共戴天 ,不愿和仇敌在一个天底下并存||形容仇恨极深
目光炯炯 ,两眼明亮有神
洁白无瑕 ,指物体或人的品质纯净、没有瑕疵
言为心声 ,言语是思想的反映，从一个人的话里可以知道他的思想感情
鸣锣开道 ,封建时代官吏出门时，前面开路的人敲锣喝令行人让路||比喻为某种事物的出现，制造声势，开辟道路
雄才大略 ,非常杰出的才智和谋略
不干不净 ,指不洁净，肮脏||也指因忌讳而感觉不洁净||也可形容语文不文明
旧话重提 ,过去说过的，现在又提起了
晨钟暮鼓 ,佛教规矩，寺里晚上打鼓，晚上敲钟||比喻可以使人警觉醒悟的话
时不再来 ,时机错过就不会再来了||指行事不要放过时机
倾国倾城 ,原指因女色而亡国||后多形容妇女容貌极美
如花似玉 ,像花和玉那样美好||形容女子姿容出众
小脚女人 ,因用以指思想保守的人
爱惜羽毛 ,比喻为珍惜自己的名声，行事十分谨慎
茂林修竹 ,茂密高大的树林竹林
百步穿杨 ,在一百步远以外射中杨柳的叶子||形容箭法或枪法十分高明
五毒俱全 ,指违法乱纪，各种坏事都做
踌躇不前 ,犹豫不决，不敢前进
未卜先知 ,没有占卜便能事先知道||形容有预见
含苞欲放 ,形容花将开而未开时的样子
百思不解 ,百般思索也无法理解
咫尺天涯 ,比喻距离虽近，但很难相见，象是远在天边一样
满面红光 ,形容心情舒畅，精神健旺的样子
倾囊相助 ,把衣袋里所有的钱都拿出来帮助别人
排除异己 ,排挤、清除和自己意见不同或不属于自己集团派系的人
志在四方 ,有远大的抱负和理想
才华出众 ,个体在智力、能力或专业水平方面超越普通人群
独揽大权 ,一个人把持着权力，独断专行
一定之规 ,一定的规律或规则||比喻已打定的主意
垂帘听政 ,指太后临朝管理国家政事
以逸待劳 ,指在战争中做好充分准备，养精蓄锐，等疲乏的敌人来犯时给以迎头痛击
脚不沾地 ,形容走得非常快，好像脚尖都未着地
安家立业 ,安置家庭，创立基业或事业||也指长期在一个地方劳动和生活
后生可畏 ,年轻人是可敬畏的||形容青年人能超过前辈
神情自若 ,神情态度仍和原来一样
天理难容 ,旧指做事残忍，灭绝人性，为天理所不容
半梦半醒 ,指睡眠尚未清醒
自卖自夸 ,自己卖的东西自己夸好||比喻为自己吹嘘
万籁俱寂 ,形容周围环境非常安静，一点儿声响都没有
于心何忍 ,怎能忍心||即内心不忍
徒劳无益 ,白费劲，没有一点用处
邯郸学步 ,比喻模仿人不到家，反把原来自己会的东西忘了
自食恶果 ,"""自己做了坏事，自己承受损害或惩罚"
大彻大悟 ,形容彻底醒悟
能工巧匠 ,指工艺技术高明的人
无可估量 难以估计,
轻装前进 ,以轻便的状态或心态向前迈进，强调减少负担、保持灵活性和积极性
四海为家 ,原指帝王占有全国||后指什么地方都可以当作自己的家||指志在四方，不留恋家乡或个人小天地
相生相克 ,指金、木、水、火、土五种物质的互相生发以互相克制的关系||后引申为一般物质之间的辩证关系
居功自傲 ,自以为有功劳而骄傲自大
青出于蓝 ,青是从蓝草里提炼出来的，但颜色比蓝更深||比喻学生超过老师或后人胜过前人
今不如昔 ,现在不如过去||多用于表示对世事的不满情绪
意在沛公 ,说话和行动的真实意图别有所指
有口难辩 ,虽然有口，却难以分辩清楚||常指含冤受屈但又无处申诉
指桑骂槐 ,指着桑树骂槐树||比喻表面上骂这个人，实际上是骂那个人
养虎为患 ,比喻纵容敌人，留下后患，自己反手其害
言归正传 ,指话头转回到正题上来||旧小说中常用的套语
三寸金莲 ,古代中国女性缠足后形成的小巧玲珑的脚
格物致知 ,穷究事物原理，从而获得知识
时运不济 ,时机和命运不佳
心神不定 ,心里烦躁，精神不安
水火无情 ,指水和火是不讲情面的，如疏忽大意，容易造成灾祸
似水流年 ,形容时间一去不复返
男耕女织 ,封建社会中的小农经济，一家一户经营，男的种田，女的织布||指全家分工劳动
望梅止渴 ,原意是梅子酸，人想吃梅子就会流涎，因而止渴||后比喻愿望无法实现，用空想安慰自己
羊肠小道 ,曲折而极窄的路（多指山路）
自寻烦恼 ,自找的烦闷苦恼||意思是，本来不该有烦闷苦恼
蜕化变质 ,比喻人堕落变坏
劳师动众 ,原指出动大批军队||现指动用很多人力
接风洗尘 ,指设宴款待远来的客人，以示慰问和欢迎
拈轻怕重 ,指接受任务时拣轻的担子挑，怕挑重担
秀外慧中 ,外表秀丽，内心聪明
自不量力 ,自己不估量自己的能力||指过高地估计自己的力量
说来话长 ,表示事情很复杂，不是几句话就能说清楚（多指不大愉快的事）
风卷残云 ,大风把残云卷走||比喻一下子把残存的东西一扫而光
敢作敢当 ,敢于放手行事，敢于承担责任
穷山恶水 ,形容自然条件非常差
龙争虎斗 ,形容斗争或竞赛很激烈
拼死拼活 ,①不顾一切地斗争||②用尽全部精力
百折不回 ,比喻意志坚强，无论受到多少次挫折，毫不动摇退缩
傲然挺立 ,形容坚强而不可动摇
学富五车 ,形容读书多，学识丰富
俗不可耐 ,庸俗得使人受不了
流水不腐 ,流动的水不会发臭||比喻经常运动的东西不易受侵蚀。
民生凋敝 ,社会穷困，经济衰败，人民生活极端困苦
思绪万千 ,指思想的头绪相当多，思虑复杂多端
所向无敌 ,力量所指向的地方，谁也抵挡不住||形容力量强大，无往不胜
奔波劳碌 ,忙碌奔走，不得悠闲。
因人制宜 ,根据人们的不同情况，采取适当的方法解决问题
弹冠相庆 ,指官场中一人当了官或升了官，同伙就互相庆贺将有官可做
不以规矩 ,如果不遵循一定的规则和标准，就无法达到预期的结果
方寸之地 ,内心或心灵的空间
成年累月 ,一年又一年，一月又一月||形容时间长久
群魔乱舞 ,成群的魔鬼乱跳乱蹦||比喻一批坏人在政治舞台上猖狂活动
钻木取火 ,硬木棒对着木头摩擦或钻进去，靠摩擦取火
壁垒森严 ,原指军事戒备严密||现也用来比喻彼此界限划得很分明
清心寡欲 ,保持心地清净，减少欲念
阴错阳差 ,比喻由于偶然的因素而造成了差错
仙风道骨 ,仙人的风度，道长的气概||形容人的风骨神采与众不同
以身殉国 ,忠于自己的国家而献出生命
鼠目寸光 ,形容目光短浅，没有远见
瞄准射击 ,通过视觉调整动作使投射物命中目标的动作
逼良为娼 ,①指强迫良家妇女卖淫||②比喻被迫做某件坏事
千回百转 ,形容反复回旋或进程曲折
凄风冷雨 ,形容天气恶劣||后用来比喻境遇悲惨凄凉
益寿延年 ,指延长寿命，增加岁数
又红又专 ,具有无产阶级的世界观，又掌握专业知识和专门技术
涸泽而渔 ,抽干池水捉鱼||比喻只图眼前利益，不作长远打算
目光如炬 ,目光发亮像火炬||形容愤怒地注视着||也形容见识远大
处之泰然 ,若无其事的样子||形容自理事情沉着镇定||也指对待问题毫不在意
五花大绑 ,先用绳索套住脖子，又绕到背后反剪两臂的绑入方式
针头线脑 ,缝纫用的针线等物||比喻细微的事物
一张一弛 ,意思是宽严相结合，是文王武王治理国家的方法||现用来比喻生活的松紧和工作的劳逸要合理安排
至善至美 ,最完善，最美好
绵里藏针 ,棉絮里面藏着针||形容柔中有刚||也比喻外貌和善，内心刻毒
不越雷池 ,比喻不敢超越一定的范围和界限
手眼通天 ,比喻善于钻营，手腕不寻常
愁云惨雾 ,形容暗淡无光的景象||多比喻令人忧愁苦闷的局面
不绝如缕 ,多形容局面危急或声音、气息等低沉微弱、时断时续
一钱不值 ,一个铜钱都不值||比喻毫无价值
心慌意乱 ,心里着慌，乱了主意
贪生怕死 ,贪恋生存，畏惧死亡||指对敌作战畏缩不前
庖丁解牛 ,比喻经过反复实践，掌握了事物的客观规律，做事得心应手，运用自如
苦难深重 ,遭受的痛苦和灾难既深又重
狼烟四起 ,四处都是报警的烟火，指边疆不平静
亦庄亦谐 ,形容既严肃又风趣
点头哈腰 ,比喻虚假的恭敬或过分的客气
鉴往知来 ,根据以往的情形便知道以后怎样发生变化
狰狞面目 ,形容凶恶的相貌
女娲补天 ,神话故事，伏羲的妹妹女娲炼五色石补天||形容改造天地的雄伟气魄和大无畏的斗争精神
春去秋来 ,春天过去，秋天到来||形容时光流逝
少见多怪 ,见闻少的人遇到不常见的事物就觉得奇怪||后常用来嘲笑见识浅陋的人
早知今日 ,早知道会有今天这样的结果
吃里爬外 ,接受这一方面的好处，却为那一方面卖力||也指将自己方面的情况告诉对方
富贵吉祥 ,形容一个人或事物的繁荣、幸福和富有
惜墨如金 ,爱惜墨就象金子一样||指不轻易动笔
南郭先生 ,比喻无才而占据其位的人
不懂装懂 ,自己不懂却装作很精通的样子
鼓乐喧天 ,弹奏着各种乐器，声响大得直冲云天||形容十分欢乐热闹
广袤无垠 ,广阔得望不到边际，辽阔无边
照猫画虎 ,比喻照着样子模仿
永志不忘 ,永远记住，不遗忘
光阴似箭 ,时间如箭，迅速流逝||形容时间过得极快
鸣冤叫屈 ,指申诉冤屈
青史留名 ,在历史上留下好名声
自视甚高 ,把自己看得很高（多指身分，学识等）
是非分明 ,正确与错误非常分明
破除迷信 ,原指从宗教迷信的束缚中解脱出来||现也指解放思想，扫除自卑感，树立敢想、敢说、敢干的新风格
山重水复 ,指山峦重迭，水流盘曲
择善而从 ,指选择好的学，按照好的做
州官放火 ,反动统治者自己可以胡作非为
眼明手快 ,看得准，动作敏捷
志在千里 ,形容志向远大
酒酣耳热 ,形容喝酒喝得正高兴的时候
遗臭万年 ,死后恶名一直流传，永远被人唾骂
不祥之兆 ,不吉利的预兆
东挪西凑 ,指各处挪借，凑集款项
风雨如晦 ,指白天刮风下雨，天色暗得像黑夜一样||形容政治黑暗，社会不安
摇头摆尾 ,原形容鱼悠然自在的样子||现用来形容人摇头晃脑、轻浮得意的样子
泼妇骂街 ,象泼妇在街上当众谩骂||多指大肆攻击、谩骂别人
必有近忧 ,意思是如果一个人没有长远的考虑，就必然会面临眼前的忧虑
风雨不改 ,比喻处于恶劣环境中不变其节操
不可胜数 ,数也数不过来||形容数量极多
局促不安 ,形容举止拘束，心中不安
仪表堂堂 ,形容人的容貌端正
欺软怕硬 ,欺负软弱的，害怕强硬的
趋炎附势 ,奉承和依附有权有势的人
狗血淋头 ,旧时迷信说法，谓狗血淋在妖人头上，就可使其妖法失灵||后形容骂得很凶，使被骂者如淋了狗血的妖人一样，无言以对，无计可施
与时偕行 ,变通趋时
飘飘欲仙 ,飘飞上升，像要超脱尘世而成仙||多指人的感受轻松爽快||亦形容诗文、书法等的情致轻快飘逸
偷偷摸摸 ,形容瞒着别人做事，不敢让别人知道
一夫当关 ,形容地势十分险要，易守难攻
鹤发童颜 ,仙鹤羽毛般雪白的头发，儿童般红润的面色||形容老年人气色好
大地回春 ,指冬去春来，草木萌生，大地上出现一片生机景象||有时亦用比喻形势好转
沸反盈天 ,声音象水开锅一样沸腾翻滚，充满了空间||形容人声喧闹，乱成一片
事不过三 ,指同样的事不宜连作三次
开疆辟土 ,开拓疆域，扩展领土
有条有理 ,形容层次、脉络清楚
悔恨交加 ,形容非常懊悔
牛刀小试 ,比喻有大本领的人，先在小事情上略展才能||也比喻有能力的人刚开始工作就表现出才
洞若观火 ,形容观察事物非常清楚，好像看火一样
一决雌雄 ,决一胜负，比个高下
种瓜得瓜 ,比喻种什么因就得什么果
玉树临风 ,形容人风度潇洒，秀美多姿||亦作“临风玉树”
封疆大吏 ,指明代都指挥使、布政使、按察使并称三司执掌
毫不利己 ,丝毫不考虑个人利益，全心帮助他人
出乎意外 ,用于意想、预料之外
伯乐相马 ,指个人或集体发现、推荐、培养和使用人才的人
一息尚存 ,还有一口气||指生命的最后阶段
精明强干 ,机灵聪明，办事能力强
心如止水 ,形容心境平静，毫无杂念
大智若愚 ,某些才智出众的人不露锋芒，看来好像愚笨
仁义道德 ,泛指旧时鼓吹的道德规范
洋洋洒洒 ,形容文章或谈话丰富明快，连续不断
锦绣河山 ,形容壮丽华美的祖国山河
东西南北 ,指四方、到处、各地、普天下或方向||亦指到处飘泊，行踪不定
棒打鸳鸯 ,用木棒打散一双鸳鸯||比喻拆散恩爱的夫妻或情侣
两小无猜 ,男女小时候在一起玩耍，没有猜疑
做小动作 ,暗地里进行的干扰集体或损害他人利益的不正当行为
金风送爽 ,古时以阴阳五行季节，秋为金||秋风带来了凉意
冤家路窄 ,仇敌相逢在窄路上||指仇人或不愿意见面的人偏偏相遇
情景交融 ,指文艺作品中环境的描写、气氛的渲染跟人物思想感情的抒发结合得很紧密
左邻右里 ,泛指邻居
软弱无能 ,一个人衰弱无能，缺乏能力
耍嘴皮子 ,指光说不做||也指卖弄口才（含贬义）
缘木求鱼 ,爬到树上去找鱼||比喻方向或办法不对头，不可能达到目的
仁者乐山 ,具有仁义之心的人安于义理，不为功名利禄所动摇，象山一样稳固不动
手不释卷 ,书本不离手||形容勤奋好学
格杀勿论 ,指把拒捕、行凶或违反禁令的人当场打死而不以杀人论罪
莫逆之交 ,指非常要好的朋友
变化无穷 ,形容不断变化，没有止境
宝刀未老 ,形容人到老年还依然威猛，不减当年
别无他物 ,除此之外没有多余的东西
杀身之祸 ,自身性命遭杀害的大祸
苟且偷生 ,得过且过，勉强活着
寥若晨星 ,稀少得好像早晨的星星||指为数极少
无往不利 ,所到之处，没有不顺利的||指处处行得通，办得好
庸庸碌碌 ,指平凡无奇
心猿意马 ,心意好像猴子跳、马奔跑一样控制不住||形容心里东想西想，安静不下来
大呼小叫 ,高一声低一声地乱叫乱喊
人同此心 ,对符合情理的事情，大家的看法基本一致
河东狮吼 ,比喻悍妒的妻子对丈夫大吵大闹
大模大样 ,形容态度傲慢，目中无人的样子
专横跋扈 ,专断蛮横，任意妄为，蛮不讲理
淡泊明志 ,指不追求名利才能使志趣高洁
人各有志 ,指每个人各自有不同的志向愿望，不能勉为其难
动荡不定 ,动荡摇摆，不安定||形容局势不稳定，不平静
气贯长虹 ,正义的精神直上高空，穿过彩虹||形容精神极其崇高，气概极其豪壮
以人为镜 ,把别人的成败得失作为自己的借鉴
众星拱月 ,许多星星聚集、环绕着月亮||比喻众人拥戴一人或众物围绕一物
嫁祸于人 ,把自己的祸事推给别人
对牛弹琴 ,讥笑听话的人不懂对方说得是什么||用以讥笑说话的人不看对象
寻死觅活 ,闹着要死要活||多指用自杀来吓唬人
难分难解 ,指双方争吵、斗争、比赛等相持不下，难以分开||有时也形容双方关系十分亲密，分不开
地老天荒 ,指经历的时间极久
飞针走线 ,形容缝纫技术非常熟练
好勇斗狠 ,爱逞威风，喜欢斗欧||形容人凶强好斗
头痛脑热 ,泛指一般的小病或小灾小难
黄粱一梦 ,比喻虚幻不能实现的梦想
国破家亡 ,国家覆灭、家庭毁灭
横眉冷对 ,用憎恨和轻蔑的态度对待
一时一刻 ,非常短暂的时间
积土成山 ,累土可以堆成山，比喻积少成多
泰山压顶 ,泰山压在头上||比喻遭遇到极大的压力和打击
塞翁失马 ,比喻一时虽然受到损失，也许反而因此能得到好处||也指坏事在一定条件下可变为好事
惊恐万状 ,形容害怕到了极点
勤能补拙 ,勤奋能够弥补不足
玉石俱焚 ,美玉和石头一样烧坏||比喻好坏不分，同归于尽
临阵退缩 ,在关键时刻退缩或畏惧
有胆有识 ,既有胆量又有见识
晓以利害 ,把事情的利害关系给人讲清楚
宾客盈门 ,指来客很多
断绝往来 ,与某人不再联系或失去联系
党同伐异 ,指结帮分派，偏向同伙，打击不同意见的人
吃穿用度 ,指日常衣食费用
分进合击 ,军队从几个方向前进，协同围击同一目标
高山峻岭 ,又高又险的山岭
味同嚼蜡 ,像吃蜡一样，没有一点儿味||形容语言或文章枯燥无味
五洲四海 ,泛指世界各地
内查外调 ,指在单位内外调查事情的真实情况
天下无双 ,天下找不出第二个||形容出类拔萃，独一无二
人而无信 ,一个人如果不讲信用，就不知道他还能做什么
老气横秋 ,形容老练而自负的神态||现形容自高自大，摆老资格||也形容缺乏朝气
文弱书生 ,举目文雅，身体柔弱的读书人
女中豪杰 ,女性中的杰出人物
不容分说 ,不容人分辩
变幻无常 ,指事物经常变化，没有规律性
炮火连天 ,形容炮火非常猛烈
人无远虑 ,一个人如果没有长远的考虑和规划，就一定会面临眼前的忧虑和困难
遇人不淑 ,指女子嫁了一个品质不好的丈夫
破铜烂铁 ,①破旧锈烂无用的铜铁器||②泛指各种破旧无用的器物
代人受过 ,替别人承担过错的责任
宝刀不老 ,比喻虽然年龄已大或脱离本行已久，但功夫技术并没减退
瓮中之鳖 ,困在瓮中的甲鱼||比喻已在掌握之中，逃跑不了的东西
蓬蓬勃勃 ,繁荣旺盛的样子
平铺直叙 ,说话或写文章不加修饰，没有起伏，重点不突出
鹦鹉学舌 ,鹦鹉学人说话||比喻人家怎么说，他也跟着怎么说
生死之交 ,同生共死的交谊
水来土掩 ,大水来了，用土堵住||比喻敌人来犯，就引兵抵抗
评头品足 ,原指轻浮地议论妇女的容貌||现也比喻任意挑剔
金玉良言 ,比喻可贵而有价值的劝告
孔孟之道 ,指儒家学说
刻苦耐劳 ,工作勤奋，经得住繁重的劳累
寿比南山 ,寿命象终南山那样长久||用于祝人长寿
君子协定 ,双方不经过书面签字，只以口头承诺或交换函件而订立的协定，它与书面条约具有同等的效力
青云直上 ,指迅速升到很高的地位
白日做梦 ,大白天做梦||比喻根本不能实现的梦想
口服心服 ,心里嘴上都信服||指真心信服
闻风而至 ,一听到消息就来||形容行动迅速
梁上君子 ,躲在梁上的君子||窃贼的代称||现在有时也指脱离实际、脱离群众的人
上下同欲 ,上下有共同的愿望，谓众心齐一
不打自招 ,旧指没有用刑就招供||比喻做了坏事或有坏的意图自我暴露出来
朝野上下 ,指从中央到地方，从做官的到老百姓
天造地设 ,指事物自然形成，合乎理想，不必再加人工
文武兼备 ,同时具有文才和武才，文武双全
报仇雪恨 ,报冤仇，除仇恨
事业有成 ,学业有成就 
残羹剩饭 ,学业有成就 
福禄寿喜 ,代表着幸福、财富、长寿和喜庆
锐不可当 ,形容勇往直前的气势，不可抵挡
悲喜交集 ,悲伤和喜悦的心情交织在一起
一脉相传 ,从同一血统、派别世代相承流传下来||批某种思想、行为或学说之间有继承关系
名闻天下 ,形容声名传播得很广
人不犯我 ,如果别人不侵犯我，我也不会去侵犯别人
旧地重游 ,重新来到曾经居住过或游览过的地方
如芒在背 ,形容极度不安
极乐世界 ,佛教指阿弥陀佛居住的地方||后泛指幸福安乐的地方
当局者迷 ,指当事人反而糊涂
命在旦夕 ,生命垂危，很快会死去
亲仁善邻 ,与邻者亲近，与邻邦友好
插翅难逃 ,插上翅膀也难逃走||比喻陷入困境，怎么也逃不了
立锥之地 ,插锥尖的一点地方||形容极小的一块地方||也指极小的安身之处
兵贵神速 ,用兵贵在行动特别迅速
三阳开泰 ,《周易》称爻连的为阳卦，断的为阴爻，正月为泰卦，三阳生于下||冬去春来，阴消阳长，有吉亨之象||常用以称颂岁首或寓意吉祥
笨鸟先飞 ,行动笨拙的鸟要先飞||比喻能力差的人怕落后，做事比别人先动手
棋逢对手 ,下棋遇到对手||比喻争斗的双方本领不相上下
有凭有据 ,既有凭证，又有依据
要死要活 ,形容闹得很凶
傲慢无礼 ,态度傲慢，对人不讲礼节
逆耳之言 ,听起来不舒服的话（多指尖锐、中肯的劝告或批评）
壁立千仞 ,形容岩石高耸
郎才女貌 ,男的有才气，女的有美貌||形容男女双方很相配
风韵犹存 ,形容中年妇女仍然保留着优美的风姿
单刀赴会 ,原指蜀将关羽只带一口刀和少数随从赴东吴宴会||后泛指一个人冒险赴约||有赞扬赴会者的智略和胆识之意
英雄豪杰 ,指才能超众或勇武超群的人
出人意表 ,出乎人们意料之外
诛心之论 ,指不问罪行，只根据其用心以认定罪状||也指揭穿动机的评论
流年不利 ,指人长年里处于不吉利的状态||谓时运不佳
三省吾身 ,原指每日从三个方面检查自己，后指多次自觉地检查自己
色胆包天 ,形容贪恋淫欲胆量很大
精神百倍 ,形容特别有精神
外柔内刚 ,外表柔和而内心刚正
比上不足 ,赶不上前面的人，但超过了后面的人
谈古论今 ,从古到今无所不谈，无不评论
近朱者赤 ,靠近朱砂的变红
一命呜呼 ,指人死亡
逐鹿中原 ,指群雄并起，争夺天下
至亲好友 ,关系至深的亲戚，感情最好的朋友
排斥异己 ,排挤、清除和自己意见不同或不属于自己集团派系的人
暴露目标 ,目标暴露出来
分文未取 ,一个钱也不要||比喻不计报酬
定国安邦 ,治理和保卫国家，使国家安定稳固
林林总总 ,形容众多
江山如画 ,山川、河流美如画卷||形容自然风光美丽如图画
甘苦与共 ,共同享受欢乐与幸福，共同承担痛苦与磨难
久病成医 ,病久了对医理就熟悉了||比喻对某方面的事见识多了就能成为这方面的行家
败絮其中 ,外表华美，而里面却一团糟
承先启后 ,继承前代的，启发后代的
盗亦有道 ,盗贼也有他们的那一套道理
变动不居 ,指事物不断变化，没有固定的形态
同声相应 ,同类的事物相互感应||指志趣、意见相同的人互相响应，自然地结合在一起
凄风苦雨 ,形容天气恶劣||后用来比喻境遇悲惨凄凉
好人难做 ,做一个正直的、不干坏事的人实在不容易
遗世独立 ,脱离社会独立生活，不跟任何人往来
出水芙蓉 ,刚开放的荷花||比喻诗文清新不俗||也形容天然艳丽的女子
将功补过 ,用功劳来补偿过错
言之成理 ,话说得有一定道理
七老八十 ,形容年纪很大
笔走龙蛇 ,形容书法生动而有气势
从恶如崩 ,指为恶如山崩那样容易
挂免战牌 ,停止或避免冲突的行为
种豆得豆 ,比喻做了什么事，得到什么样的结果
长篇累牍 ,篇幅很长，内容很多
苦乐不均 ,同样的人享受的待遇却不相同||形容待遇不相等
满天星斗 ,布满天空的星星||比喻事情多而杂乱||后形容文章华美
心中无数 ,指对情况了解不清楚，心里没有底
心怀叵测 ,指存心险恶，不可推测
万夫莫开 ,山又高又险，一个人把着关口，一万个人也打不进来。形容地势十分险要。
怒气冲天 ,怒气冲上天空||形容愤怒到极点
手到病除 ,刚动手治疗，病就除去了||形容医术高明||也比喻工作做得很好，解决问题迅速
鹰击长空 ,指雄鹰振翅飞翔于辽阔的天空||亦比喻有雄心壮志的人在广阔的领域中施展自己的才能
民为邦本 ,民众是国家的根本
同声同气 ,比喻亲密无间，志趣相合
红袖添香 ,美女伴读
人财两失 ,人和钱财都无着落或都有损失
不可企及 ,没有希望达到||形容远远赶不上
一面之交 ,只见过一面的交情||比喻交情很浅
零打碎敲 ,形容以零零碎碎、断断续续的办法做事
坐失良机 ,不主动及时行动而失去好机会
饶有兴味 ,令人感到很有趣，并十分注意
从谏如流 ,听从规劝像流水一样自然||形容乐于接受别人的批评意见
铸剑为犁 ,销熔武器以制造务农器具
死皮赖脸 ,形容厚着脸皮，胡搅蛮缠
胼手胝足 ,胼、胝：老茧||手脚上磨出老茧||形容经常地辛勤劳动
暗送秋波 ,旧时比喻美女的眼睛象秋天明净的水波一样||指暗中眉目传情
古圣先贤 ,古代的圣人贤者
天理不容 ,旧指做事残忍，灭绝人性，为天理所不容
舐犊情深 ,比喻对子女的慈爱
飞龙在天 ,比喻帝王在位
恩重如山 ,恩情深厚，像山一样深重
无牵无挂 ,形容没有拖累，非常放心
感慨万端 ,因深有感触而有许多慨叹
诚心实意 ,形容十分真挚诚恳
坚贞不渝 ,坚守节操，决不改变
先人后己 ,首先考虑别人，然后想到自己
金玉其外 ,外表华美，而内里却一团糟，比喻徒有其表
在所不辞 ,决不推辞（多用在冒险犯难）
惟利是图 ,一心为利，别的什么都不顾
正经八百 ,①正经的，严肃认真的||②犹名副其实
良药苦口 ,好药往往味苦难吃||比喻衷心的劝告，尖锐的批评，听起来觉得不舒服，但对改正缺点错误很有好处
修齐治平 ,泛指伦理哲学和政治理论
怒目而视 ,睁圆了眼睛瞪视着||形容正要大发脾气的神情
大有所为 ,某件事物或某个领域具有巨大的潜力和发展前景，值得投入和探索
图财害命 ,为了劫夺财物，害人性命
女大当嫁 ,指女子成年后须及时出嫁
池鱼之殃 ,比喻受牵连而遭到的祸害
壮心不已 ,指有抱负的人到了晚年，雄心壮志仍不衰减
轻歌曼舞 ,音乐轻快，舞姿优美
没头没脑 ,头、脑：比喻线索或根由||毫无线索或没有根由
不知深浅 ,原意是不知道水的深浅||后多用以形容不懂得事情的利害
全心全力 ,集中或用尽所有的心力
难如登天 ,形容难办的事
赌咒发誓 ,庄严地说出表示决心的话或对某事提出保证
一介书生 ,旧时读书人的自称或对普通读书人的雅称
男大当婚 ,指男子万年后必须娶妻
重峦叠嶂 ,山峰一个连着一个，连绵不断
杀人越货 ,害人性命，抢人东西||指盗匪的行为
草船借箭 ,运用智谋，凭借他人的人力或财力来达到自己的目的
罪责难逃 ,指不能逃避犯罪所应负的责任，一定要受到惩处
奋勇当先 ,鼓起勇气，赶在最前面
博古通今 ,对古代的事知道得很多，并且通晓现代的事情||形容知识丰富
从善如登 ,指为善如登山那样不易，比喻学好很难
心怀忐忑 ,心神不宁的样子||指因心虛或忧虑而不能安心
看破红尘 ,旧指看透人生，把生死哀乐都不放在心上的消极的生活态度||现也指受挫折后消极回避、无所作为的生活态度
梨花带雨 ,象沾着雨点的梨花一样||原形容杨贵妃哭泣时的姿态||后用以形容女子的娇美
男欢女爱 ,男女亲昵欢爱之词
闯荡江湖 ,指奔走四方，在外谋生
以攻为守 ,以进攻作为防御的手段
丢卒保车 ,原是象棋术语||后比喻丢掉次要的，保住主要的
爬山涉水 ,形容路途艰辛
一文不名 ,一个钱都没有||形容非常贫困
苛捐杂税 ,指反动统治下苛刻繁重的捐税
心乱如麻 ,心里乱得象一团乱麻||形容心里非常烦乱
喷薄欲出 ,形容水涌起或太阳初升时涌上地平线的样子
半丝半缕 ,半根丝，半缕线||形容数量少，价值极其微小的东西
变幻无穷 ,变化多种多样，没有穷尽||极言变化之多
积沙成塔 ,比喻积少成多
目不斜视 ,眼睛不偷看旁边||比喻为人行止端方||也形容只朝一个方向看
心细如发 ,极言小心谨慎，考虑周密
乌七八糟 ,形容十分杂乱
黄雀在后 ,比喻伺机从后面袭击，也比喻有后顾之忧
春和景明 ,春光和煦，风景鲜明艳丽
攻无不克 ,没有攻占不下来的||形容力量无比强大
金无足赤 ,比喻人也不能十全十美
戒急用忍 ,遇事不要急躁，要以宽忍的态度来对待和处理
钟灵毓秀 ,凝聚了天地间的灵气，孕育着优秀的人物||指山川秀美，人才辈出
半斤八两 ,一个半斤，一个八两||比喻彼此一样，不相上下
生生死死 ,犹言一辈子||指从生至死
土豪劣绅 ,旧社会有钱有势、横行乡里的人
跳梁小丑 ,比喻猖狂捣乱而成不了大气候的坏人
略见一斑 ,比喻大致看到一些情况，但不够全面
相貌堂堂 ,形容人的仪表端正魁梧
蔚成风气 ,指一件事情逐渐发展盛行，形成一种良好风气
成也萧何 ,成功和失败都与同一个人有关
远交近攻 ,联络距离远的国家，进攻邻近的国家||这是战国时秦国采取的一种外资策略||后也指待人处世的一种手段
一团漆黑 ,形容一片黑暗，没有一点光明||也形容对事情一无所知
怡然自乐 ,形容高兴而满足
毛手毛脚 ,做事粗心，不细致
惹火烧身 ,引火烧自己||比喻自找麻烦或自找苦吃
风急浪高 ,形容风浪很大
孤军深入 ,孤立无援的军队深入到敌作战区
天外有天 ,指某一境界之外更有无穷无尽的境界||多用来表示人的眼界受客观条件的限制，认识的领域需要不断扩大||也表示美好的境界阅历不尽
回眸一笑 ,转动眼珠，嫣然一笑||常用以形容女子妩媚的表情
莺飞草长 ,形容明媚的春景
好为人师 ,喜欢当别人的教师||形容不谦虚，自以为是，爱摆老资格
暧昧不明 ,指不清不楚，不明不白||形容态度不明朗，关系不鲜明
眉头一皱 ,略一思考，猛然想出了一个主意
人非圣贤 ,一般人不是圣人和贤人
尖酸刻薄 ,说话带刺，待人冷酷
落花流水 ,原形容暮春景色衰败||后常用来比喻被打得大败
耳听八方 ,耳朵同时察听各方面来的声音||形容人很机警
喜不自胜 ,喜欢得控制不了自己||形容非常高兴
望文生义 ,不了解某一词句的确切涵义，光从字面上去牵强附会，做出不确切的
情意绵绵 ,形容情意深长，不能解脱
遇水架桥 ,遇水阻拦，就架桥通过||形容不怕阻力，奋勇前进
自掘坟墓 ,自己的所作所为就象在替自己挖掘坟墓一样||比喻自寻死路
志得意满 ,志向实现，心满意足
半真半假 ,一半真情，一半假意||不是完全真实的
分化瓦解 ,使对方的力量分裂离散
人微言轻 ,地位低，说话不受人重视
一星半点 ,形容极少
不识时务 ,指不认识当前重要的事态和时代的潮流||现也指待人接物不知趣
心腹之患 ,比喻隐藏在内部的严重祸害||也泛指最大的隐患
才貌双全 ,才学相貌都好
天下无敌 ,普天之下，没有敌手||形容战无不胜，没有对手
穷奢极欲 ,奢侈和贪欲到了极点
有色眼镜 ,比喻看待人或事物所抱的成见
少不更事 ,年纪轻，没有经历过什么事情||指经验不多
外强中干 ,形容外表强壮，内里空虚
身首异处 ,指被杀头
冷若冰霜 ,冷得象冰霜一样||比喻待人接物毫无感情，象冰霜一样冷||也比喻态度严正，不可接近
特立独行 ,形容人的志行高洁，不同流俗
同床共枕 ,指同床并头而眠||多指夫妻生活
一拥而入 ,一下子全都拥了进去，挤了进去
养兵千日 ,长期积蓄力量，在关键时刻发挥效用
妙笔生花 ,比喻杰出的写作才能
破罐破摔 ,把破损的罐子摔破||比喻有了缺点、错误不改正，反而有意向更坏的方向发展
牛鬼蛇神 ,牛头的鬼，蛇身的神||原形容虚幻怪诞||后比喻社会上形形色色的坏人
劳苦功高 ,出了很多力，吃了很多苦，立下了很大的功劳
以卵击石 ,拿蛋去碰石头||比喻不估计自己的力量，自取灭亡
兵强马壮 ,兵力强盛，战马健壮||形容军队实力强，富有战斗力
有案可查 ,指有证据可查
大显神通 ,后指特别高超的本领||形容充分显示出高明的本领
沃野千里 ,形容肥沃的土地极为宽广
反躬自问 ,回过头来检查自己的言行得失
不顾大局 ,不考虑整个局面或形势
话中有话 ,话里含有别的意思
利害得失 ,好处和坏处，得益和损失
坚壁清野 ,对付强敌入入侵的一种方法||使敌人既攻不下据点，又抢不到物资
千叮万嘱 ,再三再四地嘱咐||表示对嘱咐的事情极重视
精卫填海 ,精卫衔来木石，决心填平大海||旧时比喻仇恨极深，立志报复||后比喻意志坚决，不畏艰难
人言可畏 ,指在背后的议论或诬蔑的话很可怕
一片汪洋 ,形容水面辽阔，水势浩大
