焉有是理,Verb-Object
駭人聞見,Verb-Object
依人藩籬,Verb-Object
不勝枚舉,Verb-Object
出人意表,Verb-Object
放蕩形骸,Verb-Object
出人意料,Verb-Object
拾人牙慧,Verb-Object
了無所有,Verb-Object
出於意外,Verb-Object
無所措手,Verb-Object
不動聲氣,Verb-Object
不辨菽粟,Verb-Object
出乎意外,Verb-Object
襲人牙慧,Verb-Object
包藏逆心,Verb-Object
甚失所望,Verb-Object
別出新裁,Verb-Object
放浪形跡,Verb-Object
包藏姦心,Verb-Object
豈念舊惡,Verb-Object
流芳萬古,Verb-Object
如數家珍,Verb-Object
遮人眼目,Verb-Object
脫略形骸,Verb-Object
傍人籬落,Verb-Object
超人意表,Verb-Object
塗炭生民,Verb-Object
不知所措,Verb-Object
依本葫蘆,Verb-Object
不為凡響,Verb-Object
出其不意,Verb-Object
一開生面,Verb-Object
明察秋毫,Verb-Object
冠絕前後,Verb-Object
莫措手足,Verb-Object
好為人師,Verb-Object
並作威福,Verb-Object
放浪形骸,Verb-Object
不識時變,Verb-Object
無有倫比,Verb-Object
不辯菽麥,Verb-Object
豈有此理,Verb-Object
搜索枯腸,Verb-Object
退徙三舍,Verb-Object
殊失所望,Verb-Object
別出心裁,Verb-Object
蹈赴湯火,Verb-Object
出於意表,Verb-Object
獨善其身,Verb-Object
一決雌雄,Verb-Object
不共天地,Verb-Object
博覽五車,Verb-Object
辟君三舍,Verb-Object
尚存一息,Verb-Object
甘拜下風,Verb-Object
包藏禍心,Verb-Object
不見書傳,Verb-Object
不遺餘力,Verb-Object
遏斷行雲,Verb-Object
草菅人命,Verb-Object
腳踹實地,Verb-Object
豈有是理,Verb-Object
未識一丁,Verb-Object
不同日月,Verb-Object
折衝罇俎,Verb-Object
盛氣陵人,Verb-Object
出人意外,Verb-Object
退避三舍,Verb-Object
不同凡響,Verb-Object
大失所欲,Verb-Object
大失所望,Verb-Object
不念舊惡,Verb-Object
安有此理,Verb-Object
不知所云,Verb-Object
披瀝肝膈,Verb-Object
闇度陳倉,Verb-Object
擇從其善,Verb-Object
高懸秦鏡,Verb-Object
依然故我,Verb-Object
獨善一身,Verb-Object
吟弄風月,Verb-Object
仰承鼻息,Verb-Object
夢覺黃粱,Verb-Object
不值半文,Verb-Object
絕人意表,Verb-Object
披瀝肝膽,Verb-Object
重整旗鼓,Verb-Object
流芳百世,Verb-Object
駭人聞聽,Verb-Object
益無忌憚,Verb-Object
聳動聽聞,Verb-Object
不直一文,Verb-Object
終于正寢,Verb-Object
推愛屋烏,Verb-Object
如魚得水,Verb-Object
漫不經心,Verb-Object
一視同仁,Verb-Object
開布誠信,Verb-Object
不脩邊幅,Verb-Object
搜攪枯腸,Verb-Object
誤學邯鄲,Verb-Object
仰人鼻息,Verb-Object
枉使心機,Verb-Object
漂搖風雨,Verb-Object
暗箭中人,Verb-Object
偕老百年,Verb-Object
將李代桃,Verb-Object
遺臭萬代,Verb-Object
包羅萬彙,Verb-Object
年高德劭,Verb-Object
心猨意馬,Verb-Object
連篇累冊,Verb-Object
人面獸心,Verb-Object
推心致腹,Verb-Object
朝秦暮楚,Verb-Object
安貧守道,Verb-Object
同心并力,Verb-Object
驚心駭矚,Verb-Object
形孤影隻,Verb-Object
保殘守闕,Verb-Object
捕風弄月,Verb-Object
慮遠謀深,Verb-Object
繁文末節,Verb-Object
冷嘲熱謔,Verb-Object
拈花摘草,Verb-Object
千變萬化,Verb-Object
益壽延齡,Verb-Object
舌劍脣鎗,Verb-Object
嘲風詠月,Verb-Object
異聲同辭,Verb-Object
神術妙法,Verb-Object
素餐尸位,Verb-Object
張牙舞爪,Verb-Object
鬼使神差,Verb-Object
面紅面赤,Verb-Object
萬紫千紅,Verb-Object
默化潛移,Verb-Object
露爪張牙,Verb-Object
言聽計從,Verb-Object
巧言善色,Verb-Object
似玉如花,Verb-Object
偃武興文,Verb-Object
日暮途窮,Verb-Object
端人君子,Verb-Object
弄草拈花,Verb-Object
豐食美衣,Verb-Object
端本正源,Verb-Object
吟風弄月,Verb-Object
深根固蔕,Verb-Object
連篇累帙,Verb-Object
裝腔做勢,Verb-Object
影單形隻,Verb-Object
搶地呼天,Verb-Object
眼高手生,Verb-Object
驩欣鼓舞,Verb-Object
改調解張,Verb-Object
水流花落,Verb-Object
清原正本,Verb-Object
玉潔冰清,Verb-Object
地久天長,Verb-Object
標新立異,Verb-Object
南轅北轍,Verb-Object
生死與奪,Verb-Object
同床異夢,Verb-Object
嘲風弄月,Verb-Object
口呿目瞪,Verb-Object
寬洪大度,Verb-Object
文過飾非,Verb-Object
波平風靜,Verb-Object
感激涕泗,Verb-Object
苦口婆心,Verb-Object
孤陋寡聞,Verb-Object
情同意洽,Verb-Object
眉飛色舞,Verb-Object
龍淵虎穴,Verb-Object
捕影拿風,Verb-Object
途遙日暮,Verb-Object
誓山盟海,Verb-Object
金戈鐵甲,Verb-Object
石爛松枯,Verb-Object
脫胎換體,Verb-Object
移風改俗,Verb-Object
冷言冷語,Verb-Object
深慮遠計,Verb-Object
牽腸挂肚,Verb-Object
志同道合,Verb-Object
明目張膽,Verb-Object
塞源端本,Verb-Object
載塗怨讟,Verb-Object
侈功好大,Verb-Object
陽奉陰違,Verb-Object
探湯蹈火,Verb-Object
桂薪玉粒,Verb-Object
盈篇累牘,Verb-Object
雷厲風行,Verb-Object
迴山倒海,Verb-Object
戮力齊心,Verb-Object
黨同伐異,Verb-Object
情孚意合,Verb-Object
妙策神機,Verb-Object
鉤心鬥角,Verb-Object
錦衣肉食,Verb-Object
眼高手拙,Verb-Object
處心積慮,Verb-Object
粘花惹草,Verb-Object
踞虎盤龍,Verb-Object
錦心繡腑,Verb-Object
擊鐘陳鼎,Verb-Object
行尸走骨,Verb-Object
錦衣玉食,Verb-Object
影隻形單,Verb-Object
戰戰兢兢,Verb-Object
棄甲負弩,Verb-Object
奮爪張牙,Verb-Object
老姦大猾,Verb-Object
同心合力,Verb-Object
排難解紛,Verb-Object
出類拔萃,Verb-Object
大度豁達,Verb-Object
弄月嘲風,Verb-Object
根深蔕固,Verb-Object
赴湯投火,Verb-Object
膽顫心驚,Verb-Object
禍首罪魁,Verb-Object
得心應手,Verb-Object
偃旗臥鼓,Verb-Object
水深火熱,Verb-Object
棄甲曳兵,Verb-Object
義正辭嚴,Verb-Object
縮衣節口,Verb-Object
畏頭畏尾,Verb-Object
魂銷魄散,Verb-Object
三令五申,Verb-Object
掛肚牽腸,Verb-Object
壞法婪贓,Verb-Object
尸祿素餐,Verb-Object
寬仁大度,Verb-Object
如火如荼,Verb-Object
粗茶淡飯,Verb-Object
非馬非驢,Verb-Object
冷嘲閑諷,Verb-Object
絕無僅有,Verb-Object
老姦巨猾,Verb-Object
作威作福,Verb-Object
沉魚落鴈,Verb-Object
移風易尚,Verb-Object
神術妙計,Verb-Object
電捲風馳,Verb-Object
嬌生慣養,Verb-Object
殫精畢思,Verb-Object
沽名吊譽,Verb-Object
出神入化,Verb-Object
割肚牽腸,Verb-Object
列鼎撞鍾,Verb-Object
巷議街談,Verb-Object
還童返少,Verb-Object
水火深熱,Verb-Object
惡稔貫盈,Verb-Object
刻骨銘心,Verb-Object
如花似玉,Verb-Object
不倫不類,Verb-Object
光明磊落,Verb-Object
殫精畢力,Verb-Object
損人肥己,Verb-Object
鏤心刻骨,Verb-Object
形孤影孑,Verb-Object
推誠布信,Verb-Object
酒海花天,Verb-Object
金戈鐵騎,Verb-Object
妝模作樣,Verb-Object
星羅棋布,Verb-Object
粗枝大葉,Verb-Object
優柔寡斷,Verb-Object
風光月霽,Verb-Object
孤苦伶仃,Verb-Object
一趨一步,Verb-Object
一暴十寒,Verb-Object
兔死狗烹,Verb-Object
殊致同歸,Verb-Object
暴虎憑河,Verb-Object
海乾石爛,Verb-Object
兵連禍結,Verb-Object
十拿九穩,Verb-Object
損人益己,Verb-Object
途窮日暮,Verb-Object
瀝血披肝,Verb-Object
攜幼扶老,Verb-Object
膽驚心顫,Verb-Object
飛揚跋扈,Verb-Object
日暮路遠,Verb-Object
歡天喜地,Verb-Object
愁眉苦眼,Verb-Object
千山萬水,Verb-Object
死心榻地,Verb-Object
姑息惠奸,Verb-Object
情猨意馬,Verb-Object
雪風花月,Verb-Object
超類絕倫,Verb-Object
鞠躬盡瘁,Verb-Object
流言飛語,Verb-Object
棄甲丟盔,Verb-Object
唯唯諾諾,Verb-Object
天涯海角,Verb-Object
一長二短,Verb-Object
穀馬礪兵,Verb-Object
改絃易轍,Verb-Object
妝喬作勢,Verb-Object
沽名邀譽,Verb-Object
拋磚引玉,Verb-Object
說梅止渴,Verb-Object
擇善而行,Verb-Object
因噎廢食,Verb-Object
同船濟水,Verb-Object
借花獻佛,Verb-Object
毀家紓難,Verb-Object
縱虎歸山,Verb-Object
掣襟肘見,Verb-Object
因咽去食,Verb-Object
束手受斃,Verb-Object
倒屣迎之,Verb-Object
養虎遺患,Verb-Object
走馬看花,Verb-Object
無地自容,Verb-Object
袖手傍觀,Verb-Object
擢髮數罪,Verb-Object
揠苗助長,Verb-Object
望梅止渴,Verb-Object
臨河欲魚,Verb-Object
擊楫中流,Verb-Object
袖手旁觀,Verb-Object
額手稱頌,Verb-Object
酣鴆止渴,Verb-Object
逢場作樂,Verb-Object
觸類而長,Verb-Object
流連忘返,Verb-Object
閉門造車,Verb-Object
吹毛求疵,Verb-Object
出爾反爾,Verb-Object
抱薪救火,Verb-Object
感極涕零,Verb-Object
殺人越貨,Verb-Object
竭澤而漁,Verb-Object
塞耳盜鐘,Verb-Object
開門揖盜,Verb-Object
坐以待斃,Verb-Object
移罇就教,Verb-Object
旂開得勝,Verb-Object
歛襟危坐,Verb-Object
息事甯人,Verb-Object
流汗浹背,Verb-Object
探囊取物,Verb-Object
吊虎離山,Verb-Object
望塵莫及,Verb-Object
投石填海,Verb-Object
勒馬懸崖,Verb-Object
投筆從戎,Verb-Object
對證下藥,Verb-Object
斷章取意,Verb-Object
高枕勿憂,Verb-Object
食古不化,Verb-Object
下筆成詠,Verb-Object
見異思遷,Verb-Object
束手待盡,Verb-Object
掩耳盜鈴,Verb-Object
守株伺兔,Verb-Object
打草驚蛇,Verb-Object
先發制人,Verb-Object
束手待死,Verb-Object
倒屣迎賓,Verb-Object
朋比作仇,Verb-Object
守株待兔,Verb-Object
欲擒姑縱,Verb-Object
隔岸觀火,Verb-Object
高枕無虞,Verb-Object
磨杵作針,Verb-Object
怙惡不改,Verb-Object
竊鐘掩耳,Verb-Object
高枕不虞,Verb-Object
指鹿作馬,Verb-Object
過河拆橋,Verb-Object
捉襟露肘,Verb-Object
回光返照,Verb-Object
感激流涕,Verb-Object
分道揚鑣,Verb-Object
弔民伐罪,Verb-Object
矯枉過正,Verb-Object
傍觀縮手,Verb-Object
銜沙填海,Verb-Object
託公報私,Verb-Object
臨淵結網,Verb-Object
開門見山,Verb-Object
枉轡學步,Verb-Object
欲蓋而彰,Verb-Object
望洋興嘆,Verb-Object
臨川羨魚,Verb-Object
入夢生花,Verb-Object
隨機應變,Verb-Object
倚馬成文,Verb-Object
刻舟求劍,Verb-Object
殺身成仁,Verb-Object
居安思危,Verb-Object
坐而待弊,Verb-Object
投鼠忌器,Verb-Object
指桑說槐,Verb-Object
得隴望蜀,Verb-Object
越俎代庖,Verb-Object
譁世取寵,Verb-Object
舉目無依,Verb-Object
掩耳偷鈴,Verb-Object
鑿空指鹿,Verb-Object
坐井觀天,Verb-Object
騎虎難下,Verb-Object
見義勇為,Verb-Object
一呼百喏,Verb-Object
落葉歸根,Verb-Object
緣木求魚,Verb-Object
多岐亡羊,Verb-Object
一觸即發,Verb-Object
屋下作屋,Verb-Object
觸面崩心,Verb-Object
如繭自纏,Verb-Object
一鳴驚人,Verb-Object
斬草除根,Verb-Object
羨魚結網,Verb-Object
化險為平,Verb-Object
樂極哀生,Verb-Object
弔影自憐,Verb-Object
一鼓作氣,Verb-Object
臨深履冰,Verb-Object
身體力驗,Verb-Object
積重難反,Verb-Object
分庭抗禮,Verb-Object
舉眼無親,Verb-Object
按兵不舉,Verb-Object
無孔不鑽,Verb-Object
剷草除根,Verb-Object
曲突徙薪,Verb-Object
乘風破浪,Verb-Object
恐後爭先,Verb-Object
改過從新,Verb-Object
炙手可熱,Verb-Object
精忠報國,Verb-Object
毀家抒難,Verb-Object
隔靴抓痒,Verb-Object
起死回生,Verb-Object
損己利人,Verb-Object
身力行之,Verb-Object
履險若夷,Verb-Object
一舉兩全,Verb-Object
迎刃以解,Verb-Object
裹足不前,Verb-Object
走頭沒路,Verb-Object
鞭擗向裡,Verb-Object
有備無患,Verb-Object
行屍視肉,Parallel (Coordinate)
心猿意馬,Parallel (Coordinate)
垂頭喪氣,Parallel (Coordinate)
殊塗同會,Parallel (Coordinate)
損己益人,Parallel (Coordinate)
花唇巧舌,Parallel (Coordinate)
推心置腹,Parallel (Coordinate)
殫心竭慮,Parallel (Coordinate)
九死一生,Parallel (Coordinate)
鬼鬼祟祟,Parallel (Coordinate)
類是而非,Parallel (Coordinate)
達權應變,Parallel (Coordinate)
夙興夜寐,Parallel (Coordinate)
脣亡齒寒,Parallel (Coordinate)
日暮途遠,Parallel (Coordinate)
撞鐘鼎食,Parallel (Coordinate)
桃來李答,Parallel (Coordinate)
手舞足蹈,Parallel (Coordinate)
蜜口劍腹,Parallel (Coordinate)
眉清目朗,Parallel (Coordinate)
畏首畏尾,Parallel (Coordinate)
惹草黏花,Parallel (Coordinate)
逆來順受,Parallel (Coordinate)
厲兵秣馬,Parallel (Coordinate)
捉風捕影,Parallel (Coordinate)
寡廉鮮恥,Parallel (Coordinate)
否往泰來,Parallel (Coordinate)
列鼎鳴鐘,Parallel (Coordinate)
張牙奮爪,Parallel (Coordinate)
言簡意該,Parallel (Coordinate)
形形色色,Parallel (Coordinate)
事半功百,Parallel (Coordinate)
膽驚心戰,Parallel (Coordinate)
益壽延年,Parallel (Coordinate)
掩惡揚美,Parallel (Coordinate)
迴山轉海,Parallel (Coordinate)
虎窟龍潭,Parallel (Coordinate)
蟠根錯節,Parallel (Coordinate)
失魂落魄,Parallel (Coordinate)
慣養嬌生,Parallel (Coordinate)
前倨後卑,Parallel (Coordinate)
浮光略影,Parallel (Coordinate)
惡稔禍盈,Parallel (Coordinate)
生龍活虎,Parallel (Coordinate)
深圖遠慮,Parallel (Coordinate)
麤枝大葉,Parallel (Coordinate)
正人君子,Parallel (Coordinate)
不三不四,Parallel (Coordinate)
逆行倒施,Parallel (Coordinate)
按部就班,Parallel (Coordinate)
妝麼做勢,Parallel (Coordinate)
深惡痛絕,Parallel (Coordinate)
回心改念,Parallel (Coordinate)
切瑳琢磨,Parallel (Coordinate)
冷譏熱諷,Parallel (Coordinate)
言簡意賅,Parallel (Coordinate)
張牙露爪,Parallel (Coordinate)
尋花覓柳,Parallel (Coordinate)
紙醉金迷,Parallel (Coordinate)
錦心繡腹,Parallel (Coordinate)
大驚小怪,Parallel (Coordinate)
枯木死灰,Parallel (Coordinate)
流連忘反,Parallel (Coordinate)
心正氣和,Parallel (Coordinate)
流言蜚語,Parallel (Coordinate)
人山人海,Parallel (Coordinate)
沒三沒四,Parallel (Coordinate)
惡勞樂佚,Parallel (Coordinate)
神術妙策,Parallel (Coordinate)
惹草粘花,Parallel (Coordinate)
連篇累牘,Parallel (Coordinate)
五花八門,Parallel (Coordinate)
如狼似虎,Parallel (Coordinate)
汗牛充棟,Parallel (Coordinate)
養精蓄銳,Parallel (Coordinate)
吟風咏月,Parallel (Coordinate)
呼天號地,Parallel (Coordinate)
曜威燿武,Parallel (Coordinate)
延壽益年,Parallel (Coordinate)
呼天喚地,Parallel (Coordinate)
柔懦寡斷,Parallel (Coordinate)
虎穴龍潭,Parallel (Coordinate)
不即不離,Parallel (Coordinate)
巧言花語,Parallel (Coordinate)
珠連璧合,Parallel (Coordinate)
返照回光,Parallel (Coordinate)
美奐美輪,Parallel (Coordinate)
心迴意轉,Parallel (Coordinate)
中乾外強,Parallel (Coordinate)
捕風捉影,Parallel (Coordinate)
繫肚牽腸,Parallel (Coordinate)
協力同心,Parallel (Coordinate)
色色形形,Parallel (Coordinate)
爾虞我詐,Parallel (Coordinate)
折衝俎豆,Parallel (Coordinate)
錦腸繡舌,Parallel (Coordinate)
改弦易轍,Parallel (Coordinate)
瓜田李下,Parallel (Coordinate)
護過飾非,Parallel (Coordinate)
摘句尋章,Parallel (Coordinate)
萬水千山,Parallel (Coordinate)
青臉獠牙,Parallel (Coordinate)
千水萬山,Parallel (Coordinate)
推陳易新,Parallel (Coordinate)
街談巷諺,Parallel (Coordinate)
牽腸割肚,Parallel (Coordinate)
風聲鶴唳,Parallel (Coordinate)
負老攜幼,Parallel (Coordinate)
重泉幽壤,Parallel (Coordinate)
死心倒地,Parallel (Coordinate)
淵清玉潔,Parallel (Coordinate)
惹草沾花,Parallel (Coordinate)
利己損人,Parallel (Coordinate)
冰潔玉清,Parallel (Coordinate)
耳濡目染,Parallel (Coordinate)
行尸坐肉,Parallel (Coordinate)
伐罪弔人,Parallel (Coordinate)
繡口錦心,Parallel (Coordinate)
玉食錦衣,Parallel (Coordinate)
偷天換日,Parallel (Coordinate)
妝腔作勢,Parallel (Coordinate)
洗心革面,Parallel (Coordinate)
披肝掛膽,Parallel (Coordinate)
妙算神機,Parallel (Coordinate)
深謀遠猷,Parallel (Coordinate)
挂肚牽腸,Parallel (Coordinate)
瞠目撟舌,Parallel (Coordinate)
通時達變,Parallel (Coordinate)
花香鳥鳴,Parallel (Coordinate)
德邵年高,Parallel (Coordinate)
有始有卒,Parallel (Coordinate)
嘯月吟風,Parallel (Coordinate)
咬牙恨齒,Parallel (Coordinate)
籲地呼天,Parallel (Coordinate)
千方百計,Parallel (Coordinate)
負老提幼,Parallel (Coordinate)
深惡痛嫉,Parallel (Coordinate)
天長地老,Parallel (Coordinate)
花言巧語,Parallel (Coordinate)
爨桂炊玉,Parallel (Coordinate)
十全十美,Parallel (Coordinate)
日暮道遠,Parallel (Coordinate)
冰清玉粹,Parallel (Coordinate)
來龍去脈,Parallel (Coordinate)
脣槍舌劍,Parallel (Coordinate)
興高彩烈,Parallel (Coordinate)
大庭廣眾,Parallel (Coordinate)
偃旗息鼓,Parallel (Coordinate)
忘恩負義,Parallel (Coordinate)
海闊天空,Parallel (Coordinate)
剖肝瀝膽,Parallel (Coordinate)
樂業安居,Parallel (Coordinate)
鬥角鉤心,Parallel (Coordinate)
似是而非,Parallel (Coordinate)
水落石出,Parallel (Coordinate)
綺襦玉食,Parallel (Coordinate)
泰來否往,Parallel (Coordinate)
吟風詠月,Parallel (Coordinate)
併力同心,Parallel (Coordinate)
作奸犯科,Parallel (Coordinate)
深謀遠略,Parallel (Coordinate)
偃武行文,Parallel (Coordinate)
鼎食鳴鐘,Parallel (Coordinate)
迴喪起死,Parallel (Coordinate)
土崩瓦解,Parallel (Coordinate)
心悅誠服,Parallel (Coordinate)
外強中乾,Parallel (Coordinate)
麻痺不仁,Parallel (Coordinate)
展轉反側,Parallel (Coordinate)
異口同音,Parallel (Coordinate)
心驚肉顫,Parallel (Coordinate)
掣衿露肘,Parallel (Coordinate)
顛沛流離,Parallel (Coordinate)
攀龍附鳳,Parallel (Coordinate)
破釜沉舟,Parallel (Coordinate)
喜功好大,Parallel (Coordinate)
露面拋頭,Parallel (Coordinate)
惹草拈花,Parallel (Coordinate)
家諭戶曉,Parallel (Coordinate)
異口同聲,Parallel (Coordinate)
群策群力,Parallel (Coordinate)
雞膚鶴髮,Parallel (Coordinate)
掛肚牽心,Parallel (Coordinate)
洽背汗流,Parallel (Coordinate)
車水馬龍,Parallel (Coordinate)
穿鑿附會,Parallel (Coordinate)
心滿意足,Parallel (Coordinate)
趾高氣揚,Parallel (Coordinate)
眉彎目秀,Parallel (Coordinate)
道遠日暮,Parallel (Coordinate)
同歸殊塗,Parallel (Coordinate)
星眸皓齒,Parallel (Coordinate)
欺世釣譽,Parallel (Coordinate)
落鴈沉魚,Parallel (Coordinate)
裝模做樣,Parallel (Coordinate)
似虎如狼,Parallel (Coordinate)
動心驚魂,Parallel (Coordinate)
問花訪柳,Parallel (Coordinate)
深謀遠慮,Parallel (Coordinate)
宏達大度,Parallel (Coordinate)
坐立不安,Parallel (Coordinate)
目秀眉清,Parallel (Coordinate)
憤時嫉俗,Parallel (Coordinate)
高譚清論,Parallel (Coordinate)
透古通今,Parallel (Coordinate)
粗株大葉,Parallel (Coordinate)
囊空羞澀,Parallel (Coordinate)
老奸巨猾,Parallel (Coordinate)
不學無術,Parallel (Coordinate)
滄海桑田,Parallel (Coordinate)
沽名釣譽,Parallel (Coordinate)
詠月嘲風,Parallel (Coordinate)
異口同喙,Parallel (Coordinate)
燕書郢說,Parallel (Coordinate)
眉歡眼笑,Parallel (Coordinate)
兢兢翼翼,Parallel (Coordinate)
肉圃酒池,Parallel (Coordinate)
牽腸惹肚,Parallel (Coordinate)
樂盡哀生,Parallel (Coordinate)
兵慌馬亂,Parallel (Coordinate)
予奪生殺,Parallel (Coordinate)
顧此失彼,Parallel (Coordinate)
胡作亂為,Parallel (Coordinate)
車載斗量,Parallel (Coordinate)
坐薪懸膽,Parallel (Coordinate)
敷衍塞責,Parallel (Coordinate)
延齡增壽,Parallel (Coordinate)
舞爪張牙,Parallel (Coordinate)
爛熳天真,Parallel (Coordinate)
伐罪弔民,Parallel (Coordinate)
隨波逐塵,Parallel (Coordinate)
德深望重,Parallel (Coordinate)
赴湯跳火,Parallel (Coordinate)
五光十色,Parallel (Coordinate)
醉生夢死,Parallel (Coordinate)
好大喜誇,Parallel (Coordinate)
問柳評花,Parallel (Coordinate)
亥豕魚魯,Parallel (Coordinate)
魂飄魄散,Parallel (Coordinate)
天長地遠,Parallel (Coordinate)
捕影繫風,Parallel (Coordinate)
神機妙術,Parallel (Coordinate)
如狼如虎,Parallel (Coordinate)
虎頭蛇尾,Parallel (Coordinate)
意轉心回,Parallel (Coordinate)
摧朽拉枯,Parallel (Coordinate)
多華少實,Parallel (Coordinate)
弄月吟風,Parallel (Coordinate)
愁眉苦目,Parallel (Coordinate)
錦心繡腸,Parallel (Coordinate)
惡稔罪盈,Parallel (Coordinate)
蹈規循矩,Parallel (Coordinate)
礪兵秣馬,Parallel (Coordinate)
紛至沓來,Parallel (Coordinate)
日暮塗殫,Parallel (Coordinate)
好高務遠,Parallel (Coordinate)
呼天搶地,Parallel (Coordinate)
龍潭虎窟,Parallel (Coordinate)
冰潔淵清,Parallel (Coordinate)
攀龍託鳳,Parallel (Coordinate)
妝模做樣,Parallel (Coordinate)
避重逐輕,Parallel (Coordinate)
痛心疾首,Parallel (Coordinate)
辭嚴氣正,Parallel (Coordinate)
隱天動地,Parallel (Coordinate)
大公無私,Parallel (Coordinate)
神謀妙策,Parallel (Coordinate)
喪心病狂,Parallel (Coordinate)
恢宏大度,Parallel (Coordinate)
理直氣壯,Parallel (Coordinate)
矜矜業業,Parallel (Coordinate)
潛濡默被,Parallel (Coordinate)
循規蹈矩,Parallel (Coordinate)
顛撲不破,Complementary
瞠乎後矣,Complementary
入木三分,Complementary
洞如觀火,Complementary
攧撲不碎,Complementary
牢不可解,Complementary
呆似木雞,Complementary
壹敗塗地,Complementary
悚若木雞,Complementary
顛撲不磨,Complementary
百折不撓,Complementary
樂此不疲,Complementary
大喜過望,Complementary
樂且不疲,Complementary
虧於一簣,Complementary
鞭辟著裡,Complementary
荒謬絕倫,Complementary
暴跳如雷,Complementary
一落千丈,Complementary
蠢若木雞,Complementary
牢不可拔,Complementary
一敗塗地,Complementary
嗤之以鼻,Complementary
危如壘卵,Complementary
守口如瓶,Complementary
樂不可支,Complementary
躍然紙上,Complementary
顛簸不破,Complementary
銳不可當,Complementary
危如累卵,Complementary
赴險如夷,Complementary
放蕩不羈,Complementary
清貧如洗,Complementary
遺臭千年,Complementary
孳孳不倦,Complementary
噤若寒蟬,Complementary
骨瘦如柴,Complementary
滔滔不竭,Complementary
履險如夷,Complementary
喜出望外,Complementary
易如反掌,Complementary
無微不至,Complementary
滔滔不盡,Complementary
絡驛不絕,Complementary
置之度外,Complementary
出於料外,Complementary
殺人如蒿,Complementary
置若罔聞,Complementary
井然不紊,Complementary
疲於應命,Complementary
撟抂過正,Complementary
付諸一炬,Complementary
一貧如洗,Complementary
置之高閣,Complementary
苗而不穗,Complementary
以鄰為壑,Complementary
論定棺蓋,Serial Verb
屈指可數,Serial Verb
假公濟私,Serial Verb
臨渴穿井,Serial Verb
推誠置腹,Serial Verb
洗耳恭聽,Serial Verb
望風而靡,Serial Verb
引鴆止渴,Serial Verb
落井下石,Serial Verb
燃膏繼晷,Serial Verb
愛屋及烏,Serial Verb
隨遇而安,Serial Verb
水到渠成,Serial Verb
臨河羨魚,Serial Verb
未雨綢繆,Serial Verb
養虎留患,Serial Verb
揮毫立馬,Serial Verb
按圖索驥,Serial Verb
首屈一指,Serial Verb
衝口成章,Serial Verb
指鹿為馬,Serial Verb
姑息養姦,Serial Verb
驚蛇打草,Serial Verb
飲鴆止渴,Serial Verb
雞鳴起舞,Serial Verb
弄巧反拙,Serial Verb
負荊請罪,Serial Verb
弄巧翻拙,Serial Verb
畫蛇添足,Serial Verb
屋烏推愛,Serial Verb
欲蓋彌章,Serial Verb
對證用藥,Serial Verb
姑息養奸,Serial Verb
取寵譁世,Serial Verb
觸景生懷,Serial Verb
舉一反三,Serial Verb
摩頂至足,Serial Verb
臨渴掘井,Serial Verb
濫竽充數,Serial Verb
擇善而從,Serial Verb
含沙射影,Serial Verb
據隴望蜀,Serial Verb
作法自斃,Serial Verb
揭竿為旗,Serial Verb
望塵靡及,Serial Verb
出奇制勝,Serial Verb
弄巧成拙,Serial Verb
一針見血,Serial Verb
捉李代桃,Serial Verb
得寸思尺,Serial Verb
惱羞變怒,Serial Verb
過隙之駒,Modifier-Head
夢裡南柯,Modifier-Head
迥然不侔,Modifier-Head
四面楚歌,Modifier-Head
極樂世界,Modifier-Head
井井有條,Modifier-Head
不可救療,Modifier-Head
中流擊楫,Modifier-Head
當路豺狼,Modifier-Head
莫逆之契,Modifier-Head
先知之明,Modifier-Head
另眼看覷,Modifier-Head
後來之雋,Modifier-Head
管中窺豹,Modifier-Head
妄自菲薄,Modifier-Head
紙上談兵,Modifier-Head
綽綽有餘,Modifier-Head
逸以待勞,Modifier-Head
半途而廢,Modifier-Head
另眼相看,Modifier-Head
十全之美,Modifier-Head
邯鄲之步,Modifier-Head
雪裡送炭,Modifier-Head
黃粱一夢,Modifier-Head
一帆順風,Modifier-Head
眾射之的,Modifier-Head
雪中送炭,Modifier-Head
急流勇退,Modifier-Head
鐵打心腸,Modifier-Head
向若之歎,Modifier-Head
先見之明,Modifier-Head
一口同聲,Modifier-Head
不共戴天,Modifier-Head
迥然不同,Modifier-Head
射屏之約,Modifier-Head
忘年交誼,Modifier-Head
彊弩之末,Modifier-Head
雀屏之選,Modifier-Head
錦囊妙計,Modifier-Head
循循誘人,Modifier-Head
恍然始悟,Modifier-Head
切切私語,Modifier-Head
空中樓閣,Modifier-Head
耿耿丹心,Modifier-Head
德以報怨,Modifier-Head
莫逆之交,Modifier-Head
背車而馳,Modifier-Head
中流擊枻,Modifier-Head
一口同音,Modifier-Head
豁然貫通,Modifier-Head
無妄之憂,Modifier-Head
魚池之殃,Modifier-Head
青霄直上,Modifier-Head
神機妙用,Modifier-Head
井底蝦蟆,Modifier-Head
蟲篆小技,Modifier-Head
以訛傳訛,Modifier-Head
栩栩如生,Modifier-Head
囫圇吞棗,Modifier-Head
頃刻萬變,Modifier-Head
重泉之下,Modifier-Head
鶻崙吞棗,Modifier-Head
乘龍之客,Modifier-Head
銖銖校量,Modifier-Head
孑然一身,Modifier-Head
彫蟲小藝,Modifier-Head
渾掄吞棗,Modifier-Head
跫然之音,Modifier-Head
不可擢髮,Modifier-Head
孫山之外,Modifier-Head
蕭牆之變,Modifier-Head
夜以繼日,Modifier-Head
不期而會,Modifier-Head
一丘之貉,Modifier-Head
信口雌黃,Modifier-Head
中庸之道,Modifier-Head
冷眼傍觀,Modifier-Head
竊竊偶語,Modifier-Head
驚弓之鳥,Modifier-Head
金屏之選,Modifier-Head
逆耳忠言,Modifier-Head
銜石冤禽,Modifier-Head
龐然大物,Modifier-Head
悚然起敬,Modifier-Head
當機立斷,Modifier-Head
恍然大悟,Modifier-Head
不言而喻,Modifier-Head
晚成大器,Modifier-Head
竊竊私語,Modifier-Head
腹心之憂,Modifier-Head
漏網游魚,Modifier-Head
堂間處燕,Modifier-Head
循次而進,Modifier-Head
邯鄲故步,Modifier-Head
岌岌可危,Modifier-Head
倚馬雄才,Modifier-Head
臨淵之羨,Modifier-Head
班門弄斧,Modifier-Head
雞群之鶴,Modifier-Head
不暇思索,Modifier-Head
南柯一夢,Modifier-Head
切切細語,Modifier-Head
指日而待,Modifier-Head
以桃代李,Modifier-Head
萍水相遇,Modifier-Head
九泉之下,Modifier-Head
疾聲大呼,Modifier-Head
渾淪吞棗,Modifier-Head
管中闚天,Modifier-Head
不共之仇,Modifier-Head
海底撈針,Modifier-Head
秦庭朗鏡,Modifier-Head
淹淹一息,Modifier-Head
識塗老馬,Modifier-Head
一意孤行,Modifier-Head
蠢蠢欲動,Modifier-Head
莫逆之友,Modifier-Head
不可救藥,Modifier-Head
驚弦之鳥,Modifier-Head
不脛而走,Modifier-Head
錦繡心腸,Modifier-Head
千載一時,Modifier-Head
一網打盡,Modifier-Head
乘龍女壻,Modifier-Head
直上青雲,Modifier-Head
倒屣而迎,Modifier-Head
扶搖直上,Modifier-Head
夙夜不解,Modifier-Head
滄海一粟,Modifier-Head
對牛彈琴,Modifier-Head
東床嬌婿,Modifier-Head
乘龍佳壻,Modifier-Head
燃眉之急,Modifier-Head
強弩之末,Modifier-Head
司晨牝雞,Modifier-Head
一枕南柯,Modifier-Head
世外桃源,Modifier-Head
信口開喝,Modifier-Head
埳井之蛙,Modifier-Head
烏合之眾,Modifier-Head
囊中取物,Modifier-Head
沾沾自喜,Modifier-Head
杞國之憂,Modifier-Head
紙上譚兵,Modifier-Head
汗馬功勞,Modifier-Head
短兵接戰,Modifier-Head
暗箭傷人,Modifier-Head
不恥下問,Modifier-Head
因勢利導,Modifier-Head
千丈一落,Modifier-Head
從善如流,Modifier-Head
逢場遊戲,Modifier-Head
並駕齊驅,Modifier-Head
鍥而弗舍,Modifier-Head
鍥而不舍,Modifier-Head
五日尹京,Modifier-Head
夢寐魂求,Modifier-Head
錦上添花,Modifier-Head
高臺明鏡,Modifier-Head
以咽廢飧,Modifier-Head
邯鄲匍匐,Modifier-Head
孤注一擲,Modifier-Head
咄咄逼人,Modifier-Head
充耳不聞,Modifier-Head
小試割雞,Modifier-Head
模稜兩可,Modifier-Head
倒屐相迎,Modifier-Head
緩步代車,Modifier-Head
大繆不然,Modifier-Head
笑裡藏刀,Modifier-Head
華而不實,Modifier-Head
不苟言笑,Modifier-Head
快馬加鞭,Modifier-Head
滿腹經綸,Modifier-Head
秋毫無取,Modifier-Head
百結懸鶉,Modifier-Head
苗而未秀,Modifier-Head
一揮而就,Modifier-Head
對病用藥,Modifier-Head
無脛而走,Modifier-Head
悚然生敬,Modifier-Head
為虎作倀,Modifier-Head
微不足道,Modifier-Head
一念差池,Modifier-Head
裹尸馬革,Modifier-Head
裹足不進,Modifier-Head
當仁不讓,Modifier-Head
十駕難及,Modifier-Head
雷霆萬鈞,Modifier-Head
無地可容,Modifier-Head
難兄難弟,Modifier-Head
等量齊觀,Modifier-Head
迴光反照,Modifier-Head
一日千里,Modifier-Head
瑕瑜不掩,Subject-Predicate
螳臂當車,Subject-Predicate
休慼是同,Subject-Predicate
一息萬變,Subject-Predicate
分文不直,Subject-Predicate
兩袖清風,Subject-Predicate
我行我素,Subject-Predicate
近硃者赤,Subject-Predicate
得不償失,Subject-Predicate
群龍无首,Subject-Predicate
形影不離,Subject-Predicate
燕雀處屋,Subject-Predicate
義無反顧,Subject-Predicate
應答如響,Subject-Predicate
夢筆花生,Subject-Predicate
勢如破竹,Subject-Predicate
影不離形,Subject-Predicate
風雨漂搖,Subject-Predicate
義不容辭,Subject-Predicate
變起蕭牆,Subject-Predicate
帝女填海,Subject-Predicate
目不暇賞,Subject-Predicate
近朱者赤,Subject-Predicate
狐假虎威,Subject-Predicate
夜郎自大,Subject-Predicate
民不聊生,Subject-Predicate
饑者無擇,Subject-Predicate
驥老伏櫪,Subject-Predicate
痴人說夢,Subject-Predicate
豺狼塞路,Subject-Predicate
困獸猶鬥,Subject-Predicate
厥功告成,Subject-Predicate
江郎才盡,Subject-Predicate
牝雞司旦,Subject-Predicate
分毫不直,Subject-Predicate
席不及煖,Subject-Predicate
易韋三絕,Subject-Predicate
心無二用,Subject-Predicate
精禽填海,Subject-Predicate
同病相憐,Subject-Predicate
禍興蕭牆,Subject-Predicate
聲名狼藉,Subject-Predicate
相得恨晚,Subject-Predicate
一毛不拔,Subject-Predicate
一手遮天,Subject-Predicate
破鏡重圓,Subject-Predicate
神通廣大,Subject-Predicate
居心叵測,Subject-Predicate
近墨者黑,Subject-Predicate
怨聲盈路,Subject-Predicate
利令智昏,Subject-Predicate
目不轉睛,Subject-Predicate
玉石俱燼,Subject-Predicate
萬貫纏腰,Subject-Predicate
游魚得水,Subject-Predicate
蕭牆禍起,Subject-Predicate
螳臂拒輪,Subject-Predicate
名列前茅,Subject-Predicate
義無返顧,Subject-Predicate
哀鴻遍地,Subject-Predicate
心如刀割,Subject-Predicate
李代僵桃,Subject-Predicate
本末倒置,Subject-Predicate
芒刺在背,Subject-Predicate
日坐針氈,Subject-Predicate
毛髮為聳,Subject-Predicate
洛陽紙貴,Subject-Predicate
棟充牛汗,Subject-Predicate
異人同辭,Subject-Predicate
愁顏不展,Subject-Predicate
瑕不掩瑜,Subject-Predicate
毛遂自薦,Subject-Predicate
釁起蕭牆,Subject-Predicate
好事多魔,Subject-Predicate
冤禽銜石,Subject-Predicate
綵筆生花,Subject-Predicate
馬耳秋風,Subject-Predicate
禍稔蕭牆,Subject-Predicate
滿臉春風,Subject-Predicate
涇渭自分,Subject-Predicate
群口鑠金,Subject-Predicate
七竅煙騰,Subject-Predicate
狼籍盃盤,Subject-Predicate
眼不轉睛,Subject-Predicate
痴兒說夢,Subject-Predicate
蓬蓽生光,Subject-Predicate
自投羅網,Subject-Predicate
髮上衝冠,Subject-Predicate
風雲叱咤,Subject-Predicate
髮引千鈞,Subject-Predicate
隻影自憐,Subject-Predicate
一息僅存,Subject-Predicate
目不轉瞬,Subject-Predicate
破鏡重合,Subject-Predicate
尊俎折衝,Subject-Predicate
弊帚自珍,Subject-Predicate
精衛銜木,Subject-Predicate
言不由衷,Subject-Predicate
眼光如炬,Subject-Predicate
司空見慣,Subject-Predicate
肝心塗地,Subject-Predicate
病入膏肓,Subject-Predicate
異想天開,Subject-Predicate
駑馬十舍,Subject-Predicate
名不副實,Subject-Predicate
壯志淩雲,Subject-Predicate
奇貨可居,Subject-Predicate
禍從口出,Subject-Predicate
老馬識塗,Subject-Predicate
隻手遮天,Subject-Predicate
一筆三過,Subject-Predicate
東施效顰,Subject-Predicate
肝膽相照,Subject-Predicate
門可羅雀,Subject-Predicate
豺狼橫道,Subject-Predicate
原璧歸趙,Subject-Predicate
危猶累卵,Subject-Predicate
揮金似土,Subject-Predicate
涇渭分明,Subject-Predicate
涇渭斯明,Subject-Predicate
冤家路狹,Subject-Predicate
東窗事發,Subject-Predicate
孤芳自賞,Subject-Predicate
十駕莫及,Subject-Predicate
心不兩用,Subject-Predicate
形骸脫略,Subject-Predicate
魚遊釜內,Subject-Predicate
怨聲載路,Subject-Predicate
病在膏髓,Subject-Predicate
情不自禁,Subject-Predicate
庸人自擾,Subject-Predicate
狼狽為奸,Subject-Predicate
鴉雀無聞,Subject-Predicate
蓬戶增光,Subject-Predicate
大功畢成,Subject-Predicate
門庭若市,Subject-Predicate
一籌莫展,Subject-Predicate
目不給賞,Subject-Predicate
六神無主,Subject-Predicate
樂不思蜀,Subject-Predicate
前功併棄,Subject-Predicate
口若懸河,Subject-Predicate
李代桃殭,Subject-Predicate
形不離影,Subject-Predicate
來日正長,Subject-Predicate
路無拾遺,Subject-Predicate
水乳相資,Subject-Predicate
手足無措,Subject-Predicate
杞人憂天,Subject-Predicate
利以昏智,Subject-Predicate
信不由中,Subject-Predicate
魚遊釜底,Subject-Predicate
一錢不直,Subject-Predicate
目不旁瞬,Subject-Predicate
才高倚馬,Subject-Predicate
一竅不通,Subject-Predicate
一息尚存,Subject-Predicate
死灰復燃,Subject-Predicate
比比皆是,Subject-Predicate
滿城風雨,Subject-Predicate
道貌岸然,Subject-Predicate
精衛塞海,Subject-Predicate
既往不究,Subject-Predicate
旗鼓相當,Subject-Predicate
目不暇給,Subject-Predicate
心血來潮,Subject-Predicate
目不暫瞬,Subject-Predicate
自相矛盾,Subject-Predicate
黃鐘長棄,Subject-Predicate
舉軍盡沒,Subject-Predicate
面能乾唾,Subject-Predicate
雞群鶴立,Subject-Predicate
曇花一現,Subject-Predicate
泥牛入海,Subject-Predicate
死灰復燎,Subject-Predicate
金蟬脫殼,Subject-Predicate
蓬甕生輝,Subject-Predicate
大功垂成,Subject-Predicate
至言不繁,Subject-Predicate
殊方同致,Subject-Predicate
怒髮沖冠,Subject-Predicate
鶴處雞群,Subject-Predicate
形影自憐,Subject-Predicate
敝帚自珍,Subject-Predicate
快婿乘龍,Subject-Predicate
胸有成竹,Subject-Predicate
駑馬十駕,Subject-Predicate
前功盡滅,Subject-Predicate
江淹夢筆,Subject-Predicate
天花墜地,Subject-Predicate
氣憤填胸,Subject-Predicate
惡聲狼籍,Subject-Predicate
青出於藍,Subject-Predicate
憂心如惔,Subject-Predicate
鴉鵲無聲,Subject-Predicate
後日方長,Subject-Predicate
萍水相遭,Subject-Predicate
心如刀剉,Subject-Predicate
石填大海,Subject-Predicate
大智若愚,Subject-Predicate
聲色俱厲,Subject-Predicate
目中無人,Subject-Predicate
黃袍加體,Subject-Predicate
席不暇煖,Subject-Predicate
涇渭自明,Subject-Predicate
大工告竣,Subject-Predicate
名落孫山,Subject-Predicate
魚游沸釜,Subject-Predicate
芒刺在躬,Subject-Predicate
瘦骨如柴,Subject-Predicate
陳倉暗度,Subject-Predicate
前功皆棄,Subject-Predicate
一息尚在,Subject-Predicate
所向披靡,Subject-Predicate
價抵連城,Subject-Predicate
人聲鼎沸,Subject-Predicate
前功必棄,Subject-Predicate
辯同河瀉,Subject-Predicate
怨囂載道,Subject-Predicate
魚遊沸鼎,Subject-Predicate
都中紙貴,Subject-Predicate
病染膏肓,Subject-Predicate
妄自尊大,Subject-Predicate
雀屏中選,Subject-Predicate
吳牛喘月,Subject-Predicate
大名鼎鼎,Subject-Predicate
禍發蕭牆,Subject-Predicate
大腹便便,Subject-Predicate
春風得意,Subject-Predicate
魂不附體,Subject-Predicate
功虧一簣,Subject-Predicate
迴光返照,Subject-Predicate
大功告蕆,Subject-Predicate
手無寸鐵,Subject-Predicate
名不虛傳,Subject-Predicate
目不給視,Subject-Predicate
作法自弊,Subject-Predicate
老馬識途,Subject-Predicate
意氣干雲,Subject-Predicate
野人奏曝,Subject-Predicate
蓬屋生輝,Subject-Predicate
風雨飄颻,Subject-Predicate
心無兩用,Subject-Predicate
大功告成,Subject-Predicate
困獸思鬥,Subject-Predicate
瓦釜鳴雷,Subject-Predicate
瑕不自揜,Subject-Predicate
形骸放浪,Subject-Predicate
蜀犬吠日,Subject-Predicate
萬籟俱寂,Subject-Predicate
鷸蚌相危,Subject-Predicate
鷸蚌相鬥,Subject-Predicate
功墮垂成,Subject-Predicate
斯文委地,Subject-Predicate
孤掌難鳴,Subject-Predicate
瞬息千變,Subject-Predicate
眉目清秀,Subject-Predicate
一息猶存,Subject-Predicate
目不暇接,Subject-Predicate
珠沉滄海,Subject-Predicate
牝雞晨鳴,Subject-Predicate
雀屏中目,Subject-Predicate
輝生蓬蓽,Subject-Predicate
目不轉視,Subject-Predicate
惠施五車,Subject-Predicate
箕裘相繼,Subject-Predicate
老當益壯,Subject-Predicate
物極必返,Subject-Predicate
魚遊釜中,Subject-Predicate
笑容可掬,Subject-Predicate
大功告竣,Subject-Predicate
孔席不暖,Subject-Predicate
蓬蓽增輝,Subject-Predicate
良莠不齊,Subject-Predicate
餘響遶梁,Subject-Predicate
草木皆兵,Subject-Predicate
樓臺近水,Subject-Predicate
火燒眉毛,Subject-Predicate
天地誅戮,Subject-Predicate
碩果猶存,Subject-Predicate
精衛銜薪,Subject-Predicate
憂心如焚,Subject-Predicate
大器晚成,Subject-Predicate
情不自已,Subject-Predicate
目不識丁,Subject-Predicate
我行我法,Subject-Predicate
銳未可當,Subject-Predicate
玉石俱焚,Subject-Predicate
碩果天留,Subject-Predicate
碩果天遺,Subject-Predicate
釁發蕭牆,Subject-Predicate
乳臭未乾,Subject-Predicate
精衛銜石,Subject-Predicate
豺狼當路,Subject-Predicate
天衣無縫,Subject-Predicate
咎由自取,Subject-Predicate
眾志成城,Subject-Predicate
屋下蓋屋,Subject-Predicate
意出人表,Subject-Predicate
眉目清明,Subject-Predicate
衰當益壯,Subject-Predicate
響遏行雲,Subject-Predicate
有眼共見,Subject-Predicate
情不自堪,Subject-Predicate
河東獅吼,Subject-Predicate
遊魚在鼎,Subject-Predicate
休戚相關,Subject-Predicate
背生芒刺,Subject-Predicate
後來居上,Subject-Predicate
一矢雙穿,Subject-Predicate
楚歌四面,Subject-Predicate
太山壓卵,Subject-Predicate
壽陵忘步,Subject-Predicate
弓影浮杯,Subject-Predicate
鞭不及腹,Subject-Predicate
義不容卻,Subject-Predicate
五世其昌,Subject-Predicate
禍起蕭牆,Subject-Predicate
碩果不食,Subject-Predicate
聲淚俱下,Subject-Predicate
心無二想,Subject-Predicate
疾者先登,Subject-Predicate
賓至如歸,Subject-Predicate
瑕不揜瑜,Subject-Predicate
身體力行,Subject-Predicate
倚馬才高,Subject-Predicate
口出不遜,Subject-Predicate
氣壯山河,Subject-Predicate
相遇如賓,Subject-Predicate
七竅煙生,Subject-Predicate
相得益章,Subject-Predicate
大喜踰望,Subject-Predicate
八面玲瓏,Subject-Predicate
殊途同歸,Subject-Predicate
水洩不通,Subject-Predicate
難起蕭牆,Subject-Predicate
巧奪天工,Subject-Predicate
水乳交融,Subject-Predicate
入不敷出,Subject-Predicate
美不勝收,Subject-Predicate
明哲保身,Subject-Predicate
法無二門,Subject-Predicate
數行並下,Subject-Predicate
夢熟黃粱,Subject-Predicate
禍生蕭牆,Subject-Predicate
一舉兩得,Subject-Predicate
呆若木雞,Subject-Predicate
大惑不解,Subject-Predicate
葫蘆畫樣,Subject-Predicate
膾炙人口,Subject-Predicate
金屏選中,Subject-Predicate
才堪倚馬,Subject-Predicate
空谷跫然,Subject-Predicate
明珠夜投,Subject-Predicate
殊塗一致,Subject-Predicate
故步自封,Subject-Predicate
一言九鼎,Subject-Predicate
自彊不息,Subject-Predicate
得不償喪,Subject-Predicate
雞犬無寧,Subject-Predicate
袁宏倚馬,Subject-Predicate
牝雞牡鳴,Subject-Predicate
馬革裹尸,Subject-Predicate
摸棱兩可,Subject-Predicate
死灰復然,Subject-Predicate
一目了然,Subject-Predicate
短兵相接,Subject-Predicate
擢髮不勝,Subject-Predicate
樂極生哀,Subject-Predicate
腰纏十萬,Subject-Predicate
瞬息百變,Subject-Predicate
擢髮莫數,Subject-Predicate
樽俎折衝,Subject-Predicate
卑不足道,Subject-Predicate
駱驛不絕,Subject-Predicate
接應不暇,Subject-Predicate
亂作蕭牆,Subject-Predicate
應接不暇,Subject-Predicate
惡貫滿盈,Subject-Predicate
積重難返,Subject-Predicate
大義滅親,Subject-Predicate
瞬息萬變,Subject-Predicate
履困如夷,Subject-Predicate
唾面自乾,Subject-Predicate
饑不擇食,Subject-Predicate
力行身體,Subject-Predicate
異口同詞,Subject-Predicate
樂極災生,Subject-Predicate
異舌同辭,Subject-Predicate
反覆不常,Subject-Predicate
草廬三顧,Subject-Predicate
回光反照,Subject-Predicate
一諾千金,Subject-Predicate
一帆風順,Subject-Predicate
懷才不遇,Subject-Predicate
舉案齊眉,Subject-Predicate
錙銖必較,Subject-Predicate
雙雕一箭,Subject-Predicate
揮金如土,Subject-Predicate
東山再起,Subject-Predicate
雙管齊下,Subject-Predicate
想入非非,Subject-Predicate
梅林止渴,Subject-Predicate
身心力行,Subject-Predicate
歧路亡羊,Subject-Predicate
應接無暇,Subject-Predicate
恢廓大度,Subject-Predicate
係風捕景,Subject-Predicate
變風改俗,Subject-Predicate
扶老將幼,Subject-Predicate
心安理得,Subject-Predicate
安分潔己,Subject-Predicate
聽天由命,Subject-Predicate
連篇累幀,Subject-Predicate
心平氣和,Subject-Predicate
招花惹草,Subject-Predicate
除根翦草,Subject-Predicate
垂首喪氣,Subject-Predicate
瀝膽隳肝,Subject-Predicate
結舌瞠目,Subject-Predicate
高風苦節,Subject-Predicate
街譚巷議,Subject-Predicate
惜香憐玉,Subject-Predicate
如花似月,Subject-Predicate
里談巷議,Subject-Predicate
藕斷絲聯,Subject-Predicate
蒼狗白雲,Subject-Predicate
鳥語花香,Subject-Predicate
如玉如花,Subject-Predicate
朝四暮三,Subject-Predicate
天長地久,Subject-Predicate
魚沈鴈落,Subject-Predicate
懸腸掛肚,Subject-Predicate
燕燭郢書,Subject-Predicate
大廷廣眾,Subject-Predicate
並力同心,Subject-Predicate
逐末捨本,Subject-Predicate
深體力行,Subject-Predicate
日暮窮途,Subject-Predicate
損本逐末,Subject-Predicate
丟盔卸甲,Subject-Predicate
櫛風沐雨,Subject-Predicate
高節清風,Subject-Predicate
七手八腳,Subject-Predicate
低頭喪氣,Subject-Predicate
地永天長,Subject-Predicate
磨踵滅頂,Subject-Predicate
郢書燕說,Subject-Predicate
有名亡實,Subject-Predicate
苦心孤詣,Subject-Predicate
同心一力,Subject-Predicate
璧合珠聯,Subject-Predicate
前倨後恭,Subject-Predicate
標新取異,Subject-Predicate
移風革俗,Subject-Predicate
千轉萬變,Subject-Predicate
如龍似虎,Subject-Predicate
朝三暮四,Subject-Predicate
排患解紛,Subject-Predicate
天經地義,Subject-Predicate
如虎如狼,Subject-Predicate
亥豕帝虎,Subject-Predicate
皓齒星眸,Subject-Predicate
防微杜漸,Subject-Predicate
清眉秀目,Subject-Predicate
形單影隻,Subject-Predicate
花香鳥語,Subject-Predicate
濡沫涸轍,Subject-Predicate
作姦犯科,Subject-Predicate
令人深省,Subject-Predicate
連床各㝱,Subject-Predicate
放浪無羈,Subject-Predicate
赴湯蹈火,Subject-Predicate
異喙同辭,Subject-Predicate
鞭約近裡,Subject-Predicate
杯弓蛇影,Subject-Predicate
隨波逐流,Subject-Predicate
毀家紓國,Subject-Predicate
殊塗同致,Subject-Predicate
水滴石穿,Subject-Predicate
啞口無言,Subject-Predicate
剛愎自任,Subject-Predicate
離鄉避井,Subject-Predicate
馬耳春風,Subject-Predicate
擊鐘鼎食,Subject-Predicate
改邪歸正,Subject-Predicate
觸目駭心,Subject-Predicate
不學亡術,Subject-Predicate
尸利素餐,Subject-Predicate
愛莫助之,Subject-Predicate
杯水車薪,Subject-Predicate
相得益彰,Subject-Predicate
異口一言,Subject-Predicate
吹毛取瑕,Subject-Predicate
似之而非,Subject-Predicate
蕭規曹隨,Subject-Predicate
坦東床腹,Subject-Predicate
川流不息,Subject-Predicate
不修邊幅,Subject-Predicate
如出一轍,Subject-Predicate
望洋驚歎,Subject-Predicate
瞠乎後已,Subject-Predicate
隔靴搔痒,Subject-Predicate
激忿填膺,Subject-Predicate
銜石填海,Subject-Predicate
得意忘形,Subject-Predicate
樂極哀來,Subject-Predicate
分廷抗禮,Subject-Predicate
高檯明鏡,Subject-Predicate
捕風繫影,Subject-Predicate
反邪歸正,Subject-Predicate
摩頂至踵,Subject-Predicate
冥頑不靈,Subject-Predicate
殊塗同歸,Subject-Predicate
嘲弄風月,Subject-Predicate
異口同辭,Subject-Predicate
姑息惠姦,Subject-Predicate
推陳致新,Subject-Predicate
高枕安臥,Subject-Predicate
起死迴生,Subject-Predicate
年少老成,Subject-Predicate
愛莫能助,Subject-Predicate
飛黃騰達,Subject-Predicate
剛愎自用,Subject-Predicate
瞠目作舌,Subject-Predicate
