原始词语,ABCD,ABDC,ACBD,ACDB,ADBC,ADCB,BACD,BADC,BCAD,BCDA,BDAC,BDCA,CABD,CADB,CBAD,CBDA,CDAB,CDBA,DABC,DACB,DBAC,DBCA,DCAB
천고마비,천고비마,천마고비,천마비고,천비고마,천비마고,고천마비,고천비마,고마천비,고마비천,고비천마,고비마천,마천고비,마천비고,마고천비,마고비천,마비천고,마비고천,비천고마,비천마고,비고천마,비고마천,비마천고,비마고천
어부지리,어부리지,어지부리,어지리부,어리부지,어리지부,부어지리,부어리지,부지어리,부지리어,부리어지,부리지어,지어부리,지어리부,지부어리,지부리어,지리어부,지리부어,리어부지,리어지부,리부어지,리부지어,리지어부,리지부어
동문서답,동문답서,동서문답,동서답문,동답문서,동답서문,문동서답,문동답서,문서동답,문서답동,문답동서,문답서동,서동문답,서동답문,서문동답,서문답동,서답동문,서답문동,답동문서,답동서문,답문동서,답문서동,답서동문,답서문동
설상가상,설상상가,설가상상,설가상상,설상상가,설상가상,상설가상,상설상가,상가설상,상가상설,상상설가,상상가설,가설상상,가설상상,가상설상,가상상설,가상설상,가상상설,상설상가,상설가상,상상설가,상상가설,상가설상,상가상설
과유불급,과유급불,과불유급,과불급유,과급유불,과급불유,유과불급,유과급불,유불과급,유불급과,유급과불,유급불과,불과유급,불과급유,불유과급,불유급과,불급과유,불급유과,급과유불,급과불유,급유과불,급유불과,급불과유,급불유과
용두사미,용두미사,용사두미,용사미두,용미두사,용미사두,두용사미,두용미사,두사용미,두사미용,두미용사,두미사용,사용두미,사용미두,사두용미,사두미용,사미용두,사미두용,미용두사,미용사두,미두용사,미두사용,미사용두,미사두용
금상첨화,금상화첨,금첨상화,금첨화상,금화상첨,금화첨상,상금첨화,상금화첨,상첨금화,상첨화금,상화금첨,상화첨금,첨금상화,첨금화상,첨상금화,첨상화금,첨화금상,첨화상금,화금상첨,화금첨상,화상금첨,화상첨금,화첨금상,화첨상금
막상막하,막상하막,막막상하,막막하상,막하상막,막하막상,상막막하,상막하막,상막막하,상막하막,상하막막,상하막막,막막상하,막막하상,막상막하,막상하막,막하막상,막하상막,하막상막,하막막상,하상막막,하상막막,하막막상,하막상막
고진감래,고진래감,고감진래,고감래진,고래진감,고래감진,진고감래,진고래감,진감고래,진감래고,진래고감,진래감고,감고진래,감고래진,감진고래,감진래고,감래고진,감래진고,래고진감,래고감진,래진고감,래진감고,래감고진,래감진고
구사일생,구사생일,구일사생,구일생사,구생사일,구생일사,사구일생,사구생일,사일구생,사일생구,사생구일,사생일구,일구사생,일구생사,일사구생,일사생구,일생구사,일생사구,생구사일,생구일사,생사구일,생사일구,생일구사,생일사구
일석이조,일석조이,일이석조,일이조석,일조석이,일조이석,석일이조,석일조이,석이일조,석이조일,석조일이,석조이일,이일석조,이일조석,이석일조,이석조일,이조일석,이조석일,조일석이,조일이석,조석일이,조석이일,조이일석,조이석일
유유상종,유유종상,유상유종,유상종유,유종유상,유종상유,유유상종,유유종상,유상유종,유상종유,유종유상,유종상유,상유유종,상유종유,상유유종,상유종유,상종유유,상종유유,종유유상,종유상유,종유유상,종유상유,종상유유,종상유유
팔방미인,팔방인미,팔미방인,팔미인방,팔인방미,팔인미방,방팔미인,방팔인미,방미팔인,방미인팔,방인팔미,방인미팔,미팔방인,미팔인방,미방팔인,미방인팔,미인팔방,미인방팔,인팔방미,인팔미방,인방팔미,인방미팔,인미팔방,인미방팔
대기만성,대기성만,대만기성,대만성기,대성기만,대성만기,기대만성,기대성만,기만대성,기만성대,기성대만,기성만대,만대기성,만대성기,만기대성,만기성대,만성대기,만성기대,성대기만,성대만기,성기대만,성기만대,성만대기,성만기대
사필귀정,사필정귀,사귀필정,사귀정필,사정필귀,사정귀필,필사귀정,필사정귀,필귀사정,필귀정사,필정사귀,필정귀사,귀사필정,귀사정필,귀필사정,귀필정사,귀정사필,귀정필사,정사필귀,정사귀필,정필사귀,정필귀사,정귀사필,정귀필사
함흥차사,함흥사차,함차흥사,함차사흥,함사흥차,함사차흥,흥함차사,흥함사차,흥차함사,흥차사함,흥사함차,흥사차함,차함흥사,차함사흥,차흥함사,차흥사함,차사함흥,차사흥함,사함흥차,사함차흥,사흥함차,사흥차함,사차함흥,사차흥함
이심전심,이심심전,이전심심,이전심심,이심심전,이심전심,심이전심,심이심전,심전이심,심전심이,심심이전,심심전이,전이심심,전이심심,전심이심,전심심이,전심이심,전심심이,심이심전,심이전심,심심이전,심심전이,심전이심,심전심이
부전자전,부전전자,부자전전,부자전전,부전전자,부전자전,전부자전,전부전자,전자부전,전자전부,전전부자,전전자부,자부전전,자부전전,자전부전,자전전부,자전부전,자전전부,전부전자,전부자전,전전부자,전전자부,전자부전,전자전부
자화자찬,자화찬자,자자화찬,자자찬화,자찬화자,자찬자화,화자자찬,화자찬자,화자자찬,화자찬자,화찬자자,화찬자자,자자화찬,자자찬화,자화자찬,자화찬자,자찬자화,자찬화자,찬자화자,찬자자화,찬화자자,찬화자자,찬자자화,찬자화자
우이독경,우이경독,우독이경,우독경이,우경이독,우경독이,이우독경,이우경독,이독우경,이독경우,이경우독,이경독우,독우이경,독우경이,독이우경,독이경우,독경우이,독경이우,경우이독,경우독이,경이우독,경이독우,경독우이,경독이우
견물생심,견물심생,견생물심,견생심물,견심물생,견심생물,물견생심,물견심생,물생견심,물생심견,물심견생,물심생견,생견물심,생견심물,생물견심,생물심견,생심견물,생심물견,심견물생,심견생물,심물견생,심물생견,심생견물,심생물견
동고동락,동고락동,동동고락,동동락고,동락고동,동락동고,고동동락,고동락동,고동동락,고동락동,고락동동,고락동동,동동고락,동동락고,동고동락,동고락동,동락동고,동락고동,락동고동,락동동고,락고동동,락고동동,락동동고,락동고동
천생연분,천생분연,천연생분,천연분생,천분생연,천분연생,생천연분,생천분연,생연천분,생연분천,생분천연,생분연천,연천생분,연천분생,연생천분,연생분천,연분천생,연분생천,분천생연,분천연생,분생천연,분생연천,분연천생,분연생천
인산인해,인산해인,인인산해,인인해산,인해산인,인해인산,산인인해,산인해인,산인인해,산인해인,산해인인,산해인인,인인산해,인인해산,인산인해,인산해인,인해인산,인해산인,해인산인,해인인산,해산인인,해산인인,해인인산,해인산인
권선징악,권선악징,권징선악,권징악선,권악선징,권악징선,선권징악,선권악징,선징권악,선징악권,선악권징,선악징권,징권선악,징권악선,징선권악,징선악권,징악권선,징악선권,악권선징,악권징선,악선권징,악선징권,악징권선,악징선권
역지사지,역지지사,역사지지,역사지지,역지지사,역지사지,지역사지,지역지사,지사역지,지사지역,지지역사,지지사역,사역지지,사역지지,사지역지,사지지역,사지역지,사지지역,지역지사,지역사지,지지역사,지지사역,지사역지,지사지역
군계일학,군계학일,군일계학,군일학계,군학계일,군학일계,계군일학,계군학일,계일군학,계일학군,계학군일,계학일군,일군계학,일군학계,일계군학,일계학군,일학군계,일학계군,학군계일,학군일계,학계군일,학계일군,학일군계,학일계군
전화위복,전화복위,전위화복,전위복화,전복화위,전복위화,화전위복,화전복위,화위전복,화위복전,화복전위,화복위전,위전화복,위전복화,위화전복,위화복전,위복전화,위복화전,복전화위,복전위화,복화전위,복화위전,복위전화,복위화전
풍전등화,풍전화등,풍등전화,풍등화전,풍화전등,풍화등전,전풍등화,전풍화등,전등풍화,전등화풍,전화풍등,전화등풍,등풍전화,등풍화전,등전풍화,등전화풍,등화풍전,등화전풍,화풍전등,화풍등전,화전풍등,화전등풍,화등풍전,화등전풍
자초지종,자초종지,자지초종,자지종초,자종초지,자종지초,초자지종,초자종지,초지자종,초지종자,초종자지,초종지자,지자초종,지자종초,지초자종,지초종자,지종자초,지종초자,종자초지,종자지초,종초자지,종초지자,종지자초,종지초자
허심탄회,허심회탄,허탄심회,허탄회심,허회심탄,허회탄심,심허탄회,심허회탄,심탄허회,심탄회허,심회허탄,심회탄허,탄허심회,탄허회심,탄심허회,탄심회허,탄회허심,탄회심허,회허심탄,회허탄심,회심허탄,회심탄허,회탄허심,회탄심허
안빈낙도,안빈도낙,안낙빈도,안낙도빈,안도빈낙,안도낙빈,빈안낙도,빈안도낙,빈낙안도,빈낙도안,빈도안낙,빈도낙안,낙안빈도,낙안도빈,낙빈안도,낙빈도안,낙도안빈,낙도빈안,도안빈낙,도안낙빈,도빈안낙,도빈낙안,도낙안빈,도낙빈안
자업자득,자업득자,자자업득,자자득업,자득업자,자득자업,업자자득,업자득자,업자자득,업자득자,업득자자,업득자자,자자업득,자자득업,자업자득,자업득자,자득자업,자득업자,득자업자,득자자업,득업자자,득업자자,득자자업,득자업자
오매불망,오매망불,오불매망,오불망매,오망매불,오망불매,매오불망,매오망불,매불오망,매불망오,매망오불,매망불오,불오매망,불오망매,불매오망,불매망오,불망오매,불망매오,망오매불,망오불매,망매오불,망매불오,망불오매,망불매오
유언비어,유언어비,유비언어,유비어언,유어언비,유어비언,언유비어,언유어비,언비유어,언비어유,언어유비,언어비유,비유언어,비유어언,비언유어,비언어유,비어유언,비어언유,어유언비,어유비언,어언유비,어언비유,어비유언,어비언유
각골난망,각골망난,각난골망,각난망골,각망골난,각망난골,골각난망,골각망난,골난각망,골난망각,골망각난,골망난각,난각골망,난각망골,난골각망,난골망각,난망각골,난망골각,망각골난,망각난골,망골각난,망골난각,망난각골,망난골각
전전긍긍,전전긍긍,전긍전긍,전긍긍전,전긍전긍,전긍긍전,전전긍긍,전전긍긍,전긍전긍,전긍긍전,전긍전긍,전긍긍전,긍전전긍,긍전긍전,긍전전긍,긍전긍전,긍긍전전,긍긍전전,긍전전긍,긍전긍전,긍전전긍,긍전긍전,긍긍전전,긍긍전전
와신상담,와신담상,와상신담,와상담신,와담신상,와담상신,신와상담,신와담상,신상와담,신상담와,신담와상,신담상와,상와신담,상와담신,상신와담,상신담와,상담와신,상담신와,담와신상,담와상신,담신와상,담신상와,담상와신,담상신와
마이동풍,마이풍동,마동이풍,마동풍이,마풍이동,마풍동이,이마동풍,이마풍동,이동마풍,이동풍마,이풍마동,이풍동마,동마이풍,동마풍이,동이마풍,동이풍마,동풍마이,동풍이마,풍마이동,풍마동이,풍이마동,풍이동마,풍동마이,풍동이마
비몽사몽,비몽몽사,비사몽몽,비사몽몽,비몽몽사,비몽사몽,몽비사몽,몽비몽사,몽사비몽,몽사몽비,몽몽비사,몽몽사비,사비몽몽,사비몽몽,사몽비몽,사몽몽비,사몽비몽,사몽몽비,몽비몽사,몽비사몽,몽몽비사,몽몽사비,몽사비몽,몽사몽비
조삼모사,조삼사모,조모삼사,조모사삼,조사삼모,조사모삼,삼조모사,삼조사모,삼모조사,삼모사조,삼사조모,삼사모조,모조삼사,모조사삼,모삼조사,모삼사조,모사조삼,모사삼조,사조삼모,사조모삼,사삼조모,사삼모조,사모조삼,사모삼조
부창부수,부창수부,부부창수,부부수창,부수창부,부수부창,창부부수,창부수부,창부부수,창부수부,창수부부,창수부부,부부창수,부부수창,부창부수,부창수부,부수부창,부수창부,수부창부,수부부창,수창부부,수창부부,수부부창,수부창부
진퇴양난,진퇴난양,진양퇴난,진양난퇴,진난퇴양,진난양퇴,퇴진양난,퇴진난양,퇴양진난,퇴양난진,퇴난진양,퇴난양진,양진퇴난,양진난퇴,양퇴진난,양퇴난진,양난진퇴,양난퇴진,난진퇴양,난진양퇴,난퇴진양,난퇴양진,난양진퇴,난양퇴진
속수무책,속수책무,속무수책,속무책수,속책수무,속책무수,수속무책,수속책무,수무속책,수무책속,수책속무,수책무속,무속수책,무속책수,무수속책,무수책속,무책속수,무책수속,책속수무,책속무수,책수속무,책수무속,책무속수,책무수속
유유자적,유유적자,유자유적,유자적유,유적유자,유적자유,유유자적,유유적자,유자유적,유자적유,유적유자,유적자유,자유유적,자유적유,자유유적,자유적유,자적유유,자적유유,적유유자,적유자유,적유유자,적유자유,적자유유,적자유유
자급자족,자급족자,자자급족,자자족급,자족급자,자족자급,급자자족,급자족자,급자자족,급자족자,급족자자,급족자자,자자급족,자자족급,자급자족,자급족자,자족자급,자족급자,족자급자,족자자급,족급자자,족급자자,족자자급,족자급자
반신반의,반신의반,반반신의,반반의신,반의신반,반의반신,신반반의,신반의반,신반반의,신반의반,신의반반,신의반반,반반신의,반반의신,반신반의,반신의반,반의반신,반의신반,의반신반,의반반신,의신반반,의신반반,의반반신,의반신반
학수고대,학수대고,학고수대,학고대수,학대수고,학대고수,수학고대,수학대고,수고학대,수고대학,수대학고,수대고학,고학수대,고학대수,고수학대,고수대학,고대학수,고대수학,대학수고,대학고수,대수학고,대수고학,대고학수,대고수학
각양각색,각양색각,각각양색,각각색양,각색양각,각색각양,양각각색,양각색각,양각각색,양각색각,양색각각,양색각각,각각양색,각각색양,각양각색,각양색각,각색각양,각색양각,색각양각,색각각양,색양각각,색양각각,색각각양,색각양각
감언이설,감언설이,감이언설,감이설언,감설언이,감설이언,언감이설,언감설이,언이감설,언이설감,언설감이,언설이감,이감언설,이감설언,이언감설,이언설감,이설감언,이설언감,설감언이,설감이언,설언감이,설언이감,설이감언,설이언감
거두절미,거두미절,거절두미,거절미두,거미두절,거미절두,두거절미,두거미절,두절거미,두절미거,두미거절,두미절거,절거두미,절거미두,절두거미,절두미거,절미거두,절미두거,미거두절,미거절두,미두거절,미두절거,미절거두,미절두거
격세지감,격세감지,격지세감,격지감세,격감세지,격감지세,세격지감,세격감지,세지격감,세지감격,세감격지,세감지격,지격세감,지격감세,지세격감,지세감격,지감격세,지감세격,감격세지,감격지세,감세격지,감세지격,감지격세,감지세격
결초보은,결초은보,결보초은,결보은초,결은초보,결은보초,초결보은,초결은보,초보결은,초보은결,초은결보,초은보결,보결초은,보결은초,보초결은,보초은결,보은결초,보은초결,은결초보,은결보초,은초결보,은초보결,은보결초,은보초결
경국지색,경국색지,경지국색,경지색국,경색국지,경색지국,국경지색,국경색지,국지경색,국지색경,국색경지,국색지경,지경국색,지경색국,지국경색,지국색경,지색경국,지색국경,색경국지,색경지국,색국경지,색국지경,색지경국,색지국경
고육지책,고육책지,고지육책,고지책육,고책육지,고책지육,육고지책,육고책지,육지고책,육지책고,육책고지,육책지고,지고육책,지고책육,지육고책,지육책고,지책고육,지책육고,책고육지,책고지육,책육고지,책육지고,책지고육,책지육고
과대망상,과대상망,과망대상,과망상대,과상대망,과상망대,대과망상,대과상망,대망과상,대망상과,대상과망,대상망과,망과대상,망과상대,망대과상,망대상과,망상과대,망상대과,상과대망,상과망대,상대과망,상대망과,상망과대,상망대과
관포지교,관포교지,관지포교,관지교포,관교포지,관교지포,포관지교,포관교지,포지관교,포지교관,포교관지,포교지관,지관포교,지관교포,지포관교,지포교관,지교관포,지교포관,교관포지,교관지포,교포관지,교포지관,교지관포,교지포관
교언영색,교언색영,교영언색,교영색언,교색언영,교색영언,언교영색,언교색영,언영교색,언영색교,언색교영,언색영교,영교언색,영교색언,영언교색,영언색교,영색교언,영색언교,색교언영,색교영언,색언교영,색언영교,색영교언,색영언교
교학상장,교학장상,교상학장,교상장학,교장학상,교장상학,학교상장,학교장상,학상교장,학상장교,학장교상,학장상교,상교학장,상교장학,상학교장,상학장교,상장교학,상장학교,장교학상,장교상학,장학교상,장학상교,장상교학,장상학교
국태민안,국태안민,국민태안,국민안태,국안태민,국안민태,태국민안,태국안민,태민국안,태민안국,태안국민,태안민국,민국태안,민국안태,민태국안,민태안국,민안국태,민안태국,안국태민,안국민태,안태국민,안태민국,안민국태,안민태국
권모술수,권모수술,권술모수,권술수모,권수모술,권수술모,모권술수,모권수술,모술권수,모술수권,모수권술,모수술권,술권모수,술권수모,술모권수,술모수권,술수권모,술수모권,수권모술,수권술모,수모권술,수모술권,수술권모,수술모권
금과옥조,금과조옥,금옥과조,금옥조과,금조과옥,금조옥과,과금옥조,과금조옥,과옥금조,과옥조금,과조금옥,과조옥금,옥금과조,옥금조과,옥과금조,옥과조금,옥조금과,옥조과금,조금과옥,조금옥과,조과금옥,조과옥금,조옥금과,조옥과금
금의환향,금의향환,금환의향,금환향의,금향의환,금향환의,의금환향,의금향환,의환금향,의환향금,의향금환,의향환금,환금의향,환금향의,환의금향,환의향금,환향금의,환향의금,향금의환,향금환의,향의금환,향의환금,향환금의,향환의금
기상천외,기상외천,기천상외,기천외상,기외상천,기외천상,상기천외,상기외천,상천기외,상천외기,상외기천,상외천기,천기상외,천기외상,천상기외,천상외기,천외기상,천외상기,외기상천,외기천상,외상기천,외상천기,외천기상,외천상기
기사회생,기사생회,기회사생,기회생사,기생사회,기생회사,사기회생,사기생회,사회기생,사회생기,사생기회,사생회기,회기사생,회기생사,회사기생,회사생기,회생기사,회생사기,생기사회,생기회사,생사기회,생사회기,생회기사,생회사기
난공불락,난공락불,난불공락,난불락공,난락공불,난락불공,공난불락,공난락불,공불난락,공불락난,공락난불,공락불난,불난공락,불난락공,불공난락,불공락난,불락난공,불락공난,락난공불,락난불공,락공난불,락공불난,락불난공,락불공난
다다익선,다다선익,다익다선,다익선다,다선다익,다선익다,다다익선,다다선익,다익다선,다익선다,다선다익,다선익다,익다다선,익다선다,익다다선,익다선다,익선다다,익선다다,선다다익,선다익다,선다다익,선다익다,선익다다,선익다다
다사다난,다사난다,다다사난,다다난사,다난사다,다난다사,사다다난,사다난다,사다다난,사다난다,사난다다,사난다다,다다사난,다다난사,다사다난,다사난다,다난다사,다난사다,난다사다,난다다사,난사다다,난사다다,난다다사,난다사다
단도직입,단도입직,단직도입,단직입도,단입도직,단입직도,도단직입,도단입직,도직단입,도직입단,도입단직,도입직단,직단도입,직단입도,직도단입,직도입단,직입단도,직입도단,입단도직,입단직도,입도단직,입도직단,입직단도,입직도단
대동소이,대동이소,대소동이,대소이동,대이동소,대이소동,동대소이,동대이소,동소대이,동소이대,동이대소,동이소대,소대동이,소대이동,소동대이,소동이대,소이대동,소이동대,이대동소,이대소동,이동대소,이동소대,이소대동,이소동대
독불장군,독불군장,독장불군,독장군불,독군불장,독군장불,불독장군,불독군장,불장독군,불장군독,불군독장,불군장독,장독불군,장독군불,장불독군,장불군독,장군독불,장군불독,군독불장,군독장불,군불독장,군불장독,군장독불,군장불독
만수무강,만수강무,만무수강,만무강수,만강수무,만강무수,수만무강,수만강무,수무만강,수무강만,수강만무,수강무만,무만수강,무만강수,무수만강,무수강만,무강만수,무강수만,강만수무,강만무수,강수만무,강수무만,강무만수,강무수만
명실상부,명실부상,명상실부,명상부실,명부실상,명부상실,실명상부,실명부상,실상명부,실상부명,실부명상,실부상명,상명실부,상명부실,상실명부,상실부명,상부명실,상부실명,부명실상,부명상실,부실명상,부실상명,부상명실,부상실명
무념무상,무념상무,무무념상,무무상념,무상념무,무상무념,념무무상,념무상무,념무무상,념무상무,념상무무,념상무무,무무념상,무무상념,무념무상,무념상무,무상무념,무상념무,상무념무,상무무념,상념무무,상념무무,상무무념,상무념무
무릉도원,무릉원도,무도릉원,무도원릉,무원릉도,무원도릉,릉무도원,릉무원도,릉도무원,릉도원무,릉원무도,릉원도무,도무릉원,도무원릉,도릉무원,도릉원무,도원무릉,도원릉무,원무릉도,원무도릉,원릉무도,원릉도무,원도무릉,원도릉무
문전성시,문전시성,문성전시,문성시전,문시전성,문시성전,전문성시,전문시성,전성문시,전성시문,전시문성,전시성문,성문전시,성문시전,성전문시,성전시문,성시문전,성시전문,시문전성,시문성전,시전문성,시전성문,시성문전,시성전문
미풍양속,미풍속양,미양풍속,미양속풍,미속풍양,미속양풍,풍미양속,풍미속양,풍양미속,풍양속미,풍속미양,풍속양미,양미풍속,양미속풍,양풍미속,양풍속미,양속미풍,양속풍미,속미풍양,속미양풍,속풍미양,속풍양미,속양미풍,속양풍미
박학다식,박학식다,박다학식,박다식학,박식학다,박식다학,학박다식,학박식다,학다박식,학다식박,학식박다,학식다박,다박학식,다박식학,다학박식,다학식박,다식박학,다식학박,식박학다,식박다학,식학박다,식학다박,식다박학,식다학박
백골난망,백골망난,백난골망,백난망골,백망골난,백망난골,골백난망,골백망난,골난백망,골난망백,골망백난,골망난백,난백골망,난백망골,난골백망,난골망백,난망백골,난망골백,망백골난,망백난골,망골백난,망골난백,망난백골,망난골백
백년대계,백년계대,백대년계,백대계년,백계년대,백계대년,년백대계,년백계대,년대백계,년대계백,년계백대,년계대백,대백년계,대백계년,대년백계,대년계백,대계백년,대계년백,계백년대,계백대년,계년백대,계년대백,계대백년,계대년백
백전백승,백전승백,백백전승,백백승전,백승전백,백승백전,전백백승,전백승백,전백백승,전백승백,전승백백,전승백백,백백전승,백백승전,백전백승,백전승백,백승백전,백승전백,승백전백,승백백전,승전백백,승전백백,승백백전,승백전백
부지기수,부지수기,부기지수,부기수지,부수지기,부수기지,지부기수,지부수기,지기부수,지기수부,지수부기,지수기부,기부지수,기부수지,기지부수,기지수부,기수부지,기수지부,수부지기,수부기지,수지부기,수지기부,수기부지,수기지부
불철주야,불철야주,불주철야,불주야철,불야철주,불야주철,철불주야,철불야주,철주불야,철주야불,철야불주,철야주불,주불철야,주불야철,주철불야,주철야불,주야불철,주야철불,야불철주,야불주철,야철불주,야철주불,야주불철,야주철불
삼고초려,삼고려초,삼초고려,삼초려고,삼려고초,삼려초고,고삼초려,고삼려초,고초삼려,고초려삼,고려삼초,고려초삼,초삼고려,초삼려고,초고삼려,초고려삼,초려삼고,초려고삼,려삼고초,려삼초고,려고삼초,려고초삼,려초삼고,려초고삼
새옹지마,새옹마지,새지옹마,새지마옹,새마옹지,새마지옹,옹새지마,옹새마지,옹지새마,옹지마새,옹마새지,옹마지새,지새옹마,지새마옹,지옹새마,지옹마새,지마새옹,지마옹새,마새옹지,마새지옹,마옹새지,마옹지새,마지새옹,마지옹새
선견지명,선견명지,선지견명,선지명견,선명견지,선명지견,견선지명,견선명지,견지선명,견지명선,견명선지,견명지선,지선견명,지선명견,지견선명,지견명선,지명선견,지명견선,명선견지,명선지견,명견선지,명견지선,명지선견,명지견선
수수방관,수수관방,수방수관,수방관수,수관수방,수관방수,수수방관,수수관방,수방수관,수방관수,수관수방,수관방수,방수수관,방수관수,방수수관,방수관수,방관수수,방관수수,관수수방,관수방수,관수수방,관수방수,관방수수,관방수수
시시비비,시시비비,시비시비,시비비시,시비시비,시비비시,시시비비,시시비비,시비시비,시비비시,시비시비,시비비시,비시시비,비시비시,비시시비,비시비시,비비시시,비비시시,비시시비,비시비시,비시시비,비시비시,비비시시,비비시시
식자우환,식자환우,식우자환,식우환자,식환자우,식환우자,자식우환,자식환우,자우식환,자우환식,자환식우,자환우식,우식자환,우식환자,우자식환,우자환식,우환식자,우환자식,환식자우,환식우자,환자식우,환자우식,환우식자,환우자식
안하무인,안하인무,안무하인,안무인하,안인하무,안인무하,하안무인,하안인무,하무안인,하무인안,하인안무,하인무안,무안하인,무안인하,무하안인,무하인안,무인안하,무인하안,인안하무,인안무하,인하안무,인하무안,인무안하,인무하안
약육강식,약육식강,약강육식,약강식육,약식육강,약식강육,육약강식,육약식강,육강약식,육강식약,육식약강,육식강약,강약육식,강약식육,강육약식,강육식약,강식약육,강식육약,식약육강,식약강육,식육약강,식육강약,식강약육,식강육약
양자택일,양자일택,양택자일,양택일자,양일자택,양일택자,자양택일,자양일택,자택양일,자택일양,자일양택,자일택양,택양자일,택양일자,택자양일,택자일양,택일양자,택일자양,일양자택,일양택자,일자양택,일자택양,일택양자,일택자양
온고지신,온고신지,온지고신,온지신고,온신고지,온신지고,고온지신,고온신지,고지온신,고지신온,고신온지,고신지온,지온고신,지온신고,지고온신,지고신온,지신온고,지신고온,신온고지,신온지고,신고온지,신고지온,신지온고,신지고온
우왕좌왕,우왕왕좌,우좌왕왕,우좌왕왕,우왕왕좌,우왕좌왕,왕우좌왕,왕우왕좌,왕좌우왕,왕좌왕우,왕왕우좌,왕왕좌우,좌우왕왕,좌우왕왕,좌왕우왕,좌왕왕우,좌왕우왕,좌왕왕우,왕우왕좌,왕우좌왕,왕왕우좌,왕왕좌우,왕좌우왕,왕좌왕우
전무후무,전무무후,전후무무,전후무무,전무무후,전무후무,무전후무,무전무후,무후전무,무후무전,무무전후,무무후전,후전무무,후전무무,후무전무,후무무전,후무전무,후무무전,무전무후,무전후무,무무전후,무무후전,무후전무,무후무전
주객전도,주객도전,주전객도,주전도객,주도객전,주도전객,객주전도,객주도전,객전주도,객전도주,객도주전,객도전주,전주객도,전주도객,전객주도,전객도주,전도주객,전도객주,도주객전,도주전객,도객주전,도객전주,도전주객,도전객주
일거양득,일거득양,일양거득,일양득거,일득거양,일득양거,거일양득,거일득양,거양일득,거양득일,거득일양,거득양일,양일거득,양일득거,양거일득,양거득일,양득일거,양득거일,득일거양,득일양거,득거일양,득거양일,득양일거,득양거일
일맥상통,일맥통상,일상맥통,일상통맥,일통맥상,일통상맥,맥일상통,맥일통상,맥상일통,맥상통일,맥통일상,맥통상일,상일맥통,상일통맥,상맥일통,상맥통일,상통일맥,상통맥일,통일맥상,통일상맥,통맥일상,통맥상일,통상일맥,통상맥일
자가당착,자가착당,자당가착,자당착가,자착가당,자착당가,가자당착,가자착당,가당자착,가당착자,가착자당,가착당자,당자가착,당자착가,당가자착,당가착자,당착자가,당착가자,착자가당,착자당가,착가자당,착가당자,착당자가,착당가자
작약지증,작약증지,작지약증,작지증약,작증약지,작증지약,약작지증,약작증지,약지작증,약지증작,약증작지,약증지작,지작약증,지작증약,지약작증,지약증작,지증작약,지증약작,증작약지,증작지약,증약작지,증약지작,증지작약,증지약작
적반하장,적반장하,적하반장,적하장반,적장반하,적장하반,반적하장,반적장하,반하적장,반하장적,반장적하,반장하적,하적반장,하적장반,하반적장,하반장적,하장적반,하장반적,장적반하,장적하반,장반적하,장반하적,장하적반,장하반적
점입가경,점입경가,점가입경,점가경입,점경입가,점경가입,입점가경,입점경가,입가점경,입가경점,입경점가,입경가점,가점입경,가점경입,가입점경,가입경점,가경점입,가경입점,경점입가,경점가입,경입점가,경입가점,경가점입,경가입점
정정당당,정정당당,정당정당,정당당정,정당정당,정당당정,정정당당,정정당당,정당정당,정당당정,정당정당,정당당정,당정정당,당정당정,당정정당,당정당정,당당정정,당당정정,당정정당,당정당정,당정정당,당정당정,당당정정,당당정정
좌충우돌,좌충돌우,좌우충돌,좌우돌충,좌돌충우,좌돌우충,충좌우돌,충좌돌우,충우좌돌,충우돌좌,충돌좌우,충돌우좌,우좌충돌,우좌돌충,우충좌돌,우충돌좌,우돌좌충,우돌충좌,돌좌충우,돌좌우충,돌충좌우,돌충우좌,돌우좌충,돌우충좌
죽마고우,죽마우고,죽고마우,죽고우마,죽우마고,죽우고마,마죽고우,마죽우고,마고죽우,마고우죽,마우죽고,마우고죽,고죽마우,고죽우마,고마죽우,고마우죽,고우죽마,고우마죽,우죽마고,우죽고마,우마죽고,우마고죽,우고죽마,우고마죽
중구난방,중구방난,중난구방,중난방구,중방구난,중방난구,구중난방,구중방난,구난중방,구난방중,구방중난,구방난중,난중구방,난중방구,난구중방,난구방중,난방중구,난방구중,방중구난,방중난구,방구중난,방구난중,방난중구,방난구중
지피지기,지피기지,지지피기,지지기피,지기피지,지기지피,피지지기,피지기지,피지지기,피지기지,피기지지,피기지지,지지피기,지지기피,지피지기,지피기지,지기지피,지기피지,기지피지,기지지피,기피지지,기피지지,기지지피,기지피지
차일피일,차일일피,차피일일,차피일일,차일일피,차일피일,일차피일,일차일피,일피차일,일피일차,일일차피,일일피차,피차일일,피차일일,피일차일,피일일차,피일차일,피일일차,일차일피,일차피일,일일차피,일일피차,일피차일,일피일차
창해일속,창해속일,창일해속,창일속해,창속해일,창속일해,해창일속,해창속일,해일창속,해일속창,해속창일,해속일창,일창해속,일창속해,일해창속,일해속창,일속창해,일속해창,속창해일,속창일해,속해창일,속해일창,속일창해,속일해창
천재일우,천재우일,천일재우,천일우재,천우재일,천우일재,재천일우,재천우일,재일천우,재일우천,재우천일,재우일천,일천재우,일천우재,일재천우,일재우천,일우천재,일우재천,우천재일,우천일재,우재천일,우재일천,우일천재,우일재천
청출어람,청출람어,청어출람,청어람출,청람출어,청람어출,출청어람,출청람어,출어청람,출어람청,출람청어,출람어청,어청출람,어청람출,어출청람,어출람청,어람청출,어람출청,람청출어,람청어출,람출청어,람출어청,람어청출,람어출청
초지일관,초지관일,초일지관,초일관지,초관지일,초관일지,지초일관,지초관일,지일초관,지일관초,지관초일,지관일초,일초지관,일초관지,일지초관,일지관초,일관초지,일관지초,관초지일,관초일지,관지초일,관지일초,관일초지,관일지초
촌철살인,촌철인살,촌살철인,촌살인철,촌인철살,촌인살철,철촌살인,철촌인살,철살촌인,철살인촌,철인촌살,철인살촌,살촌철인,살촌인철,살철촌인,살철인촌,살인촌철,살인철촌,인촌철살,인촌살철,인철촌살,인철살촌,인살촌철,인살철촌
칠전팔기,칠전기팔,칠팔전기,칠팔기전,칠기전팔,칠기팔전,전칠팔기,전칠기팔,전팔칠기,전팔기칠,전기칠팔,전기팔칠,팔칠전기,팔칠기전,팔전칠기,팔전기칠,팔기칠전,팔기전칠,기칠전팔,기칠팔전,기전칠팔,기전팔칠,기팔칠전,기팔전칠
타산지석,타산석지,타지산석,타지석산,타석산지,타석지산,산타지석,산타석지,산지타석,산지석타,산석타지,산석지타,지타산석,지타석산,지산타석,지산석타,지석타산,지석산타,석타산지,석타지산,석산타지,석산지타,석지타산,석지산타
탐관오리,탐관리오,탐오관리,탐오리관,탐리관오,탐리오관,관탐오리,관탐리오,관오탐리,관오리탐,관리탐오,관리오탐,오탐관리,오탐리관,오관탐리,오관리탐,오리탐관,오리관탐,리탐관오,리탐오관,리관탐오,리관오탐,리오탐관,리오관탐
파란만장,파란장만,파만란장,파만장란,파장란만,파장만란,란파만장,란파장만,란만파장,란만장파,란장파만,란장만파,만파란장,만파장란,만란파장,만란장파,만장파란,만장란파,장파란만,장파만란,장란파만,장란만파,장만파란,장만란파
파죽지세,파죽세지,파지죽세,파지세죽,파세죽지,파세지죽,죽파지세,죽파세지,죽지파세,죽지세파,죽세파지,죽세지파,지파죽세,지파세죽,지죽파세,지죽세파,지세파죽,지세죽파,세파죽지,세파지죽,세죽파지,세죽지파,세지파죽,세지죽파
표리부동,표리동부,표부리동,표부동리,표동리부,표동부리,리표부동,리표동부,리부표동,리부동표,리동표부,리동부표,부표리동,부표동리,부리표동,부리동표,부동표리,부동리표,동표리부,동표부리,동리표부,동리부표,동부표리,동부리표
풍수지탄,풍수탄지,풍지수탄,풍지탄수,풍탄수지,풍탄지수,수풍지탄,수풍탄지,수지풍탄,수지탄풍,수탄풍지,수탄지풍,지풍수탄,지풍탄수,지수풍탄,지수탄풍,지탄풍수,지탄수풍,탄풍수지,탄풍지수,탄수풍지,탄수지풍,탄지풍수,탄지수풍
필부필부,필부부필,필필부부,필필부부,필부부필,필부필부,부필필부,부필부필,부필필부,부필부필,부부필필,부부필필,필필부부,필필부부,필부필부,필부부필,필부필부,필부부필,부필부필,부필필부,부부필필,부부필필,부필필부,부필부필
해로동혈,해로혈동,해동로혈,해동혈로,해혈로동,해혈동로,로해동혈,로해혈동,로동해혈,로동혈해,로혈해동,로혈동해,동해로혈,동해혈로,동로해혈,동로혈해,동혈해로,동혈로해,혈해로동,혈해동로,혈로해동,혈로동해,혈동해로,혈동로해
호가호위,호가위호,호호가위,호호위가,호위가호,호위호가,가호호위,가호위호,가호호위,가호위호,가위호호,가위호호,호호가위,호호위가,호가호위,호가위호,호위호가,호위가호,위호가호,위호호가,위가호호,위가호호,위호호가,위호가호
호구지책,호구책지,호지구책,호지책구,호책구지,호책지구,구호지책,구호책지,구지호책,구지책호,구책호지,구책지호,지호구책,지호책구,지구호책,지구책호,지책호구,지책구호,책호구지,책호지구,책구호지,책구지호,책지호구,책지구호
홍익인간,홍익간인,홍인익간,홍인간익,홍간익인,홍간인익,익홍인간,익홍간인,익인홍간,익인간홍,익간홍인,익간인홍,인홍익간,인홍간익,인익홍간,인익간홍,인간홍익,인간익홍,간홍익인,간홍인익,간익홍인,간익인홍,간인홍익,간인익홍
화룡점정,화룡정점,화점룡정,화점정룡,화정룡점,화정점룡,룡화점정,룡화정점,룡점화정,룡점정화,룡정화점,룡정점화,점화룡정,점화정룡,점룡화정,점룡정화,점정화룡,점정룡화,정화룡점,정화점룡,정룡화점,정룡점화,정점화룡,정점룡화
환골탈태,환골태탈,환탈골태,환탈태골,환태골탈,환태탈골,골환탈태,골환태탈,골탈환태,골탈태환,골태환탈,골태탈환,탈환골태,탈환태골,탈골환태,탈골태환,탈태환골,탈태골환,태환골탈,태환탈골,태골환탈,태골탈환,태탈환골,태탈골환
회자정리,회자리정,회정자리,회정리자,회리자정,회리정자,자회정리,자회리정,자정회리,자정리회,자리회정,자리정회,정회자리,정회리자,정자회리,정자리회,정리회자,정리자회,리회자정,리회정자,리자회정,리자정회,리정회자,리정자회
후안무치,후안치무,후무안치,후무치안,후치안무,후치무안,안후무치,안후치무,안무후치,안무치후,안치후무,안치무후,무후안치,무후치안,무안후치,무안치후,무치후안,무치안후,치후안무,치후무안,치안후무,치안무후,치무후안,치무안후
희로애락,희로락애,희애로락,희애락로,희락로애,희락애로,로희애락,로희락애,로애희락,로애락희,로락희애,로락애희,애희로락,애희락로,애로희락,애로락희,애락희로,애락로희,락희로애,락희애로,락로희애,락로애희,락애희로,락애로희
가인박명,가인명박,가박인명,가박명인,가명인박,가명박인,인가박명,인가명박,인박가명,인박명가,인명가박,인명박가,박가인명,박가명인,박인가명,박인명가,박명가인,박명인가,명가인박,명가박인,명인가박,명인박가,명박가인,명박인가
감개무량,감개량무,감무개량,감무량개,감량개무,감량무개,개감무량,개감량무,개무감량,개무량감,개량감무,개량무감,무감개량,무감량개,무개감량,무개량감,무량감개,무량개감,량감개무,량감무개,량개감무,량개무감,량무감개,량무개감
개과천선,개과선천,개천과선,개천선과,개선과천,개선천과,과개천선,과개선천,과천개선,과천선개,과선개천,과선천개,천개과선,천개선과,천과개선,천과선개,천선개과,천선과개,선개과천,선개천과,선과개천,선과천개,선천개과,선천과개
거안제미,거안미제,거제안미,거제미안,거미안제,거미제안,안거제미,안거미제,안제거미,안제미거,안미거제,안미제거,제거안미,제거미안,제안거미,제안미거,제미거안,제미안거,미거안제,미거제안,미안거제,미안제거,미제거안,미제안거
건곤일척,건곤척일,건일곤척,건일척곤,건척곤일,건척일곤,곤건일척,곤건척일,곤일건척,곤일척건,곤척건일,곤척일건,일건곤척,일건척곤,일곤건척,일곤척건,일척건곤,일척곤건,척건곤일,척건일곤,척곤건일,척곤일건,척일건곤,척일곤건
결자해지,결자지해,결해자지,결해지자,결지자해,결지해자,자결해지,자결지해,자해결지,자해지결,자지결해,자지해결,해결자지,해결지자,해자결지,해자지결,해지결자,해지자결,지결자해,지결해자,지자결해,지자해결,지해결자,지해자결
고군분투,고군투분,고분군투,고분투군,고투군분,고투분군,군고분투,군고투분,군분고투,군분투고,군투고분,군투분고,분고군투,분고투군,분군고투,분군투고,분투고군,분투군고,투고군분,투고분군,투군고분,투군분고,투분고군,투분군고
곡학아세,곡학세아,곡아학세,곡아세학,곡세학아,곡세아학,학곡아세,학곡세아,학아곡세,학아세곡,학세곡아,학세아곡,아곡학세,아곡세학,아학곡세,아학세곡,아세곡학,아세학곡,세곡학아,세곡아학,세학곡아,세학아곡,세아곡학,세아학곡
공명정대,공명대정,공정명대,공정대명,공대명정,공대정명,명공정대,명공대정,명정공대,명정대공,명대공정,명대정공,정공명대,정공대명,정명공대,정명대공,정대공명,정대명공,대공명정,대공정명,대명공정,대명정공,대정공명,대정명공
구곡간장,구곡장간,구간곡장,구간장곡,구장곡간,구장간곡,곡구간장,곡구장간,곡간구장,곡간장구,곡장구간,곡장간구,간구곡장,간구장곡,간곡구장,간곡장구,간장구곡,간장곡구,장구곡간,장구간곡,장곡구간,장곡간구,장간구곡,장간곡구
구우일모,구우모일,구일우모,구일모우,구모우일,구모일우,우구일모,우구모일,우일구모,우일모구,우모구일,우모일구,일구우모,일구모우,일우구모,일우모구,일모구우,일모우구,모구우일,모구일우,모우구일,모우일구,모일구우,모일우구
기고만장,기고장만,기만고장,기만장고,기장고만,기장만고,고기만장,고기장만,고만기장,고만장기,고장기만,고장만기,만기고장,만기장고,만고기장,만고장기,만장기고,만장고기,장기고만,장기만고,장고기만,장고만기,장만기고,장만고기
노심초사,노심사초,노초심사,노초사심,노사심초,노사초심,심노초사,심노사초,심초노사,심초사노,심사노초,심사초노,초노심사,초노사심,초심노사,초심사노,초사노심,초사심노,사노심초,사노초심,사심노초,사심초노,사초노심,사초심노
다재다능,다재능다,다다재능,다다능재,다능재다,다능다재,재다다능,재다능다,재다다능,재다능다,재능다다,재능다다,다다재능,다다능재,다재다능,다재능다,다능다재,다능재다,능다재다,능다다재,능재다다,능재다다,능다다재,능다재다
독서삼매,독서매삼,독삼서매,독삼매서,독매서삼,독매삼서,서독삼매,서독매삼,서삼독매,서삼매독,서매독삼,서매삼독,삼독서매,삼독매서,삼서독매,삼서매독,삼매독서,삼매서독,매독서삼,매독삼서,매서독삼,매서삼독,매삼독서,매삼서독
동병상련,동병련상,동상병련,동상련병,동련병상,동련상병,병동상련,병동련상,병상동련,병상련동,병련동상,병련상동,상동병련,상동련병,상병동련,상병련동,상련동병,상련병동,련동병상,련동상병,련병동상,련병상동,련상동병,련상병동
동분서주,동분주서,동서분주,동서주분,동주분서,동주서분,분동서주,분동주서,분서동주,분서주동,분주동서,분주서동,서동분주,서동주분,서분동주,서분주동,서주동분,서주분동,주동분서,주동서분,주분동서,주분서동,주서동분,주서분동
두문불출,두문출불,두불문출,두불출문,두출문불,두출불문,문두불출,문두출불,문불두출,문불출두,문출두불,문출불두,불두문출,불두출문,불문두출,불문출두,불출두문,불출문두,출두문불,출두불문,출문두불,출문불두,출불두문,출불문두
등하불명,등하명불,등불하명,등불명하,등명하불,등명불하,하등불명,하등명불,하불등명,하불명등,하명등불,하명불등,불등하명,불등명하,불하등명,불하명등,불명등하,불명하등,명등하불,명등불하,명하등불,명하불등,명불등하,명불하등
마부작침,마부침작,마작부침,마작침부,마침부작,마침작부,부마작침,부마침작,부작마침,부작침마,부침마작,부침작마,작마부침,작마침부,작부마침,작부침마,작침마부,작침부마,침마부작,침마작부,침부마작,침부작마,침작마부,침작부마
만사형통,만사통형,만형사통,만형통사,만통사형,만통형사,사만형통,사만통형,사형만통,사형통만,사통만형,사통형만,형만사통,형만통사,형사만통,형사통만,형통만사,형통사만,통만사형,통만형사,통사만형,통사형만,통형만사,통형사만
망양지탄,망양탄지,망지양탄,망지탄양,망탄양지,망탄지양,양망지탄,양망탄지,양지망탄,양지탄망,양탄망지,양탄지망,지망양탄,지망탄양,지양망탄,지양탄망,지탄망양,지탄양망,탄망양지,탄망지양,탄양망지,탄양지망,탄지망양,탄지양망
망연자실,망연실자,망자연실,망자실연,망실연자,망실자연,연망자실,연망실자,연자망실,연자실망,연실망자,연실자망,자망연실,자망실연,자연망실,자연실망,자실망연,자실연망,실망연자,실망자연,실연망자,실연자망,실자망연,실자연망
맥수지탄,맥수탄지,맥지수탄,맥지탄수,맥탄수지,맥탄지수,수맥지탄,수맥탄지,수지맥탄,수지탄맥,수탄맥지,수탄지맥,지맥수탄,지맥탄수,지수맥탄,지수탄맥,지탄맥수,지탄수맥,탄맥수지,탄맥지수,탄수맥지,탄수지맥,탄지맥수,탄지수맥
명경지수,명경수지,명지경수,명지수경,명수경지,명수지경,경명지수,경명수지,경지명수,경지수명,경수명지,경수지명,지명경수,지명수경,지경명수,지경수명,지수명경,지수경명,수명경지,수명지경,수경명지,수경지명,수지명경,수지경명
목불인견,목불견인,목인불견,목인견불,목견불인,목견인불,불목인견,불목견인,불인목견,불인견목,불견목인,불견인목,인목불견,인목견불,인불목견,인불견목,인견목불,인견불목,견목불인,견목인불,견불목인,견불인목,견인목불,견인불목
무소불위,무소위불,무불소위,무불위소,무위소불,무위불소,소무불위,소무위불,소불무위,소불위무,소위무불,소위불무,불무소위,불무위소,불소무위,불소위무,불위무소,불위소무,위무소불,위무불소,위소무불,위소불무,위불무소,위불소무
묵묵부답,묵묵답부,묵부묵답,묵부답묵,묵답묵부,묵답부묵,묵묵부답,묵묵답부,묵부묵답,묵부답묵,묵답묵부,묵답부묵,부묵묵답,부묵답묵,부묵묵답,부묵답묵,부답묵묵,부답묵묵,답묵묵부,답묵부묵,답묵묵부,답묵부묵,답부묵묵,답부묵묵
문일지십,문일십지,문지일십,문지십일,문십일지,문십지일,일문지십,일문십지,일지문십,일지십문,일십문지,일십지문,지문일십,지문십일,지일문십,지일십문,지십문일,지십일문,십문일지,십문지일,십일문지,십일지문,십지문일,십지일문
미인박명,미인명박,미박인명,미박명인,미명인박,미명박인,인미박명,인미명박,인박미명,인박명미,인명미박,인명박미,박미인명,박미명인,박인미명,박인명미,박명미인,박명인미,명미인박,명미박인,명인미박,명인박미,명박미인,명박인미
박장대소,박장소대,박대장소,박대소장,박소장대,박소대장,장박대소,장박소대,장대박소,장대소박,장소박대,장소대박,대박장소,대박소장,대장박소,대장소박,대소박장,대소장박,소박장대,소박대장,소장박대,소장대박,소대박장,소대장박
반포지효,반포효지,반지포효,반지효포,반효포지,반효지포,포반지효,포반효지,포지반효,포지효반,포효반지,포효지반,지반포효,지반효포,지포반효,지포효반,지효반포,지효포반,효반포지,효반지포,효포반지,효포지반,효지반포,효지포반
발본색원,발본원색,발색본원,발색원본,발원본색,발원색본,본발색원,본발원색,본색발원,본색원발,본원발색,본원색발,색발본원,색발원본,색본발원,색본원발,색원발본,색원본발,원발본색,원발색본,원본발색,원본색발,원색발본,원색본발
방약무인,방약인무,방무약인,방무인약,방인약무,방인무약,약방무인,약방인무,약무방인,약무인방,약인방무,약인무방,무방약인,무방인약,무약방인,무약인방,무인방약,무인약방,인방약무,인방무약,인약방무,인약무방,인무방약,인무약방
배은망덕,배은덕망,배망은덕,배망덕은,배덕은망,배덕망은,은배망덕,은배덕망,은망배덕,은망덕배,은덕배망,은덕망배,망배은덕,망배덕은,망은배덕,망은덕배,망덕배은,망덕은배,덕배은망,덕배망은,덕은배망,덕은망배,덕망배은,덕망은배
배산임수,배산수임,배임산수,배임수산,배수산임,배수임산,산배임수,산배수임,산임배수,산임수배,산수배임,산수임배,임배산수,임배수산,임산배수,임산수배,임수배산,임수산배,수배산임,수배임산,수산배임,수산임배,수임배산,수임산배
백척간두,백척두간,백간척두,백간두척,백두척간,백두간척,척백간두,척백두간,척간백두,척간두백,척두백간,척두간백,간백척두,간백두척,간척백두,간척두백,간두백척,간두척백,두백척간,두백간척,두척백간,두척간백,두간백척,두간척백
부화뇌동,부화동뇌,부뇌화동,부뇌동화,부동화뇌,부동뇌화,화부뇌동,화부동뇌,화뇌부동,화뇌동부,화동부뇌,화동뇌부,뇌부화동,뇌부동화,뇌화부동,뇌화동부,뇌동부화,뇌동화부,동부화뇌,동부뇌화,동화부뇌,동화뇌부,동뇌부화,동뇌화부
분골쇄신,분골신쇄,분쇄골신,분쇄신골,분신골쇄,분신쇄골,골분쇄신,골분신쇄,골쇄분신,골쇄신분,골신분쇄,골신쇄분,쇄분골신,쇄분신골,쇄골분신,쇄골신분,쇄신분골,쇄신골분,신분골쇄,신분쇄골,신골분쇄,신골쇄분,신쇄분골,신쇄골분
불문곡직,불문직곡,불곡문직,불곡직문,불직문곡,불직곡문,문불곡직,문불직곡,문곡불직,문곡직불,문직불곡,문직곡불,곡불문직,곡불직문,곡문불직,곡문직불,곡직불문,곡직문불,직불문곡,직불곡문,직문불곡,직문곡불,직곡불문,직곡문불
불요불급,불요급불,불불요급,불불급요,불급요불,불급불요,요불불급,요불급불,요불불급,요불급불,요급불불,요급불불,불불요급,불불급요,불요불급,불요급불,불급불요,불급요불,급불요불,급불불요,급요불불,급요불불,급불불요,급불요불
불입호혈,불입혈호,불호입혈,불호혈입,불혈입호,불혈호입,입불호혈,입불혈호,입호불혈,입호혈불,입혈불호,입혈호불,호불입혈,호불혈입,호입불혈,호입혈불,호혈불입,호혈입불,혈불입호,혈불호입,혈입불호,혈입호불,혈호불입,혈호입불
빙탄지간,빙탄간지,빙지탄간,빙지간탄,빙간탄지,빙간지탄,탄빙지간,탄빙간지,탄지빙간,탄지간빙,탄간빙지,탄간지빙,지빙탄간,지빙간탄,지탄빙간,지탄간빙,지간빙탄,지간탄빙,간빙탄지,간빙지탄,간탄빙지,간탄지빙,간지빙탄,간지탄빙
사고무친,사고친무,사무고친,사무친고,사친고무,사친무고,고사무친,고사친무,고무사친,고무친사,고친사무,고친무사,무사고친,무사친고,무고사친,무고친사,무친사고,무친고사,친사고무,친사무고,친고사무,친고무사,친무사고,친무고사
사면초가,사면가초,사초면가,사초가면,사가면초,사가초면,면사초가,면사가초,면초사가,면초가사,면가사초,면가초사,초사면가,초사가면,초면사가,초면가사,초가사면,초가면사,가사면초,가사초면,가면사초,가면초사,가초사면,가초면사
사상누각,사상각누,사누상각,사누각상,사각상누,사각누상,상사누각,상사각누,상누사각,상누각사,상각사누,상각누사,누사상각,누사각상,누상사각,누상각사,누각사상,누각상사,각사상누,각사누상,각상사누,각상누사,각누사상,각누상사
산전수전,산전전수,산수전전,산수전전,산전전수,산전수전,전산수전,전산전수,전수산전,전수전산,전전산수,전전수산,수산전전,수산전전,수전산전,수전전산,수전산전,수전전산,전산전수,전산수전,전전산수,전전수산,전수산전,전수전산
살신성인,살신인성,살성신인,살성인신,살인신성,살인성신,신살성인,신살인성,신성살인,신성인살,신인살성,신인성살,성살신인,성살인신,성신살인,성신인살,성인살신,성인신살,인살신성,인살성신,인신살성,인신성살,인성살신,인성신살
삼라만상,삼라상만,삼만라상,삼만상라,삼상라만,삼상만라,라삼만상,라삼상만,라만삼상,라만상삼,라상삼만,라상만삼,만삼라상,만삼상라,만라삼상,만라상삼,만상삼라,만상라삼,상삼라만,상삼만라,상라삼만,상라만삼,상만삼라,상만라삼
상전벽해,상전해벽,상벽전해,상벽해전,상해전벽,상해벽전,전상벽해,전상해벽,전벽상해,전벽해상,전해상벽,전해벽상,벽상전해,벽상해전,벽전상해,벽전해상,벽해상전,벽해전상,해상전벽,해상벽전,해전상벽,해전벽상,해벽상전,해벽전상
생사고락,생사락고,생고사락,생고락사,생락사고,생락고사,사생고락,사생락고,사고생락,사고락생,사락생고,사락고생,고생사락,고생락사,고사생락,고사락생,고락생사,고락사생,락생사고,락생고사,락사생고,락사고생,락고생사,락고사생
선남선녀,선남녀선,선선남녀,선선녀남,선녀남선,선녀선남,남선선녀,남선녀선,남선선녀,남선녀선,남녀선선,남녀선선,선선남녀,선선녀남,선남선녀,선남녀선,선녀선남,선녀남선,녀선남선,녀선선남,녀남선선,녀남선선,녀선선남,녀선남선
설왕설래,설왕래설,설설왕래,설설래왕,설래왕설,설래설왕,왕설설래,왕설래설,왕설설래,왕설래설,왕래설설,왕래설설,설설왕래,설설래왕,설왕설래,설왕래설,설래설왕,설래왕설,래설왕설,래설설왕,래왕설설,래왕설설,래설설왕,래설왕설
섬섬옥수,섬섬수옥,섬옥섬수,섬옥수섬,섬수섬옥,섬수옥섬,섬섬옥수,섬섬수옥,섬옥섬수,섬옥수섬,섬수섬옥,섬수옥섬,옥섬섬수,옥섬수섬,옥섬섬수,옥섬수섬,옥수섬섬,옥수섬섬,수섬섬옥,수섬옥섬,수섬섬옥,수섬옥섬,수옥섬섬,수옥섬섬
성동격서,성동서격,성격동서,성격서동,성서동격,성서격동,동성격서,동성서격,동격성서,동격서성,동서성격,동서격성,격성동서,격성서동,격동성서,격동서성,격서성동,격서동성,서성동격,서성격동,서동성격,서동격성,서격성동,서격동성
소탐대실,소탐실대,소대탐실,소대실탐,소실탐대,소실대탐,탐소대실,탐소실대,탐대소실,탐대실소,탐실소대,탐실대소,대소탐실,대소실탐,대탐소실,대탐실소,대실소탐,대실탐소,실소탐대,실소대탐,실탐소대,실탐대소,실대소탐,실대탐소
송구영신,송구신영,송영구신,송영신구,송신구영,송신영구,구송영신,구송신영,구영송신,구영신송,구신송영,구신영송,영송구신,영송신구,영구송신,영구신송,영신송구,영신구송,신송구영,신송영구,신구송영,신구영송,신영송구,신영구송
수구초심,수구심초,수초구심,수초심구,수심구초,수심초구,구수초심,구수심초,구초수심,구초심수,구심수초,구심초수,초수구심,초수심구,초구수심,초구심수,초심수구,초심구수,심수구초,심수초구,심구수초,심구초수,심초수구,심초구수
수주대어,수주어대,수대주어,수대어주,수어주대,수어대주,주수대어,주수어대,주대수어,주대어수,주어수대,주어대수,대수주어,대수어주,대주수어,대주어수,대어수주,대어주수,어수주대,어수대주,어주수대,어주대수,어대수주,어대주수
숙맥불변,숙맥변불,숙불맥변,숙불변맥,숙변맥불,숙변불맥,맥숙불변,맥숙변불,맥불숙변,맥불변숙,맥변숙불,맥변불숙,불숙맥변,불숙변맥,불맥숙변,불맥변숙,불변숙맥,불변맥숙,변숙맥불,변숙불맥,변맥숙불,변맥불숙,변불숙맥,변불맥숙
순망치한,순망한치,순치망한,순치한망,순한망치,순한치망,망순치한,망순한치,망치순한,망치한순,망한순치,망한치순,치순망한,치순한망,치망순한,치망한순,치한순망,치한망순,한순망치,한순치망,한망순치,한망치순,한치순망,한치망순
승승장구,승승구장,승장승구,승장구승,승구승장,승구장승,승승장구,승승구장,승장승구,승장구승,승구승장,승구장승,장승승구,장승구승,장승승구,장승구승,장구승승,장구승승,구승승장,구승장승,구승승장,구승장승,구장승승,구장승승
시종일관,시종관일,시일종관,시일관종,시관종일,시관일종,종시일관,종시관일,종일시관,종일관시,종관시일,종관일시,일시종관,일시관종,일종시관,일종관시,일관시종,일관종시,관시종일,관시일종,관종시일,관종일시,관일시종,관일종시
신출귀몰,신출몰귀,신귀출몰,신귀몰출,신몰출귀,신몰귀출,출신귀몰,출신몰귀,출귀신몰,출귀몰신,출몰신귀,출몰귀신,귀신출몰,귀신몰출,귀출신몰,귀출몰신,귀몰신출,귀몰출신,몰신출귀,몰신귀출,몰출신귀,몰출귀신,몰귀신출,몰귀출신
심사숙고,심사고숙,심숙사고,심숙고사,심고사숙,심고숙사,사심숙고,사심고숙,사숙심고,사숙고심,사고심숙,사고숙심,숙심사고,숙심고사,숙사심고,숙사고심,숙고심사,숙고사심,고심사숙,고심숙사,고사심숙,고사숙심,고숙심사,고숙사심
신토불이,신토이불,신불토이,신불이토,신이토불,신이불토,토신불이,토신이불,토불신이,토불이신,토이신불,토이불신,불신토이,불신이토,불토신이,불토이신,불이신토,불이토신,이신토불,이신불토,이토신불,이토불신,이불신토,이불토신
실사구시,실사시구,실구사시,실구시사,실시사구,실시구사,사실구시,사실시구,사구실시,사구시실,사시실구,사시구실,구실사시,구실시사,구사실시,구사시실,구시실사,구시사실,시실사구,시실구사,시사실구,시사구실,시구실사,시구사실
십시일반,십시반일,십일시반,십일반시,십반시일,십반일시,시십일반,시십반일,시일십반,시일반십,시반십일,시반일십,일십시반,일십반시,일시십반,일시반십,일반십시,일반시십,반십시일,반십일시,반시십일,반시일십,반일십시,반일시십
아전인수,아전수인,아인전수,아인수전,아수전인,아수인전,전아인수,전아수인,전인아수,전인수아,전수아인,전수인아,인아전수,인아수전,인전아수,인전수아,인수아전,인수전아,수아전인,수아인전,수전아인,수전인아,수인아전,수인전아
안분지족,안분족지,안지분족,안지족분,안족분지,안족지분,분안지족,분안족지,분지안족,분지족안,분족안지,분족지안,지안분족,지안족분,지분안족,지분족안,지족안분,지족분안,족안분지,족안지분,족분안지,족분지안,족지안분,족지분안
암중모색,암중색모,암모중색,암모색중,암색중모,암색모중,중암모색,중암색모,중모암색,중모색암,중색암모,중색모암,모암중색,모암색중,모중암색,모중색암,모색암중,모색중암,색암중모,색암모중,색중암모,색중모암,색모암중,색모중암
약방감초,약방초감,약감방초,약감초방,약초방감,약초감방,방약감초,방약초감,방감약초,방감초약,방초약감,방초감약,감약방초,감약초방,감방약초,감방초약,감초약방,감초방약,초약방감,초약감방,초방약감,초방감약,초감약방,초감방약
어불성설,어불설성,어성불설,어성설불,어설불성,어설성불,불어성설,불어설성,불성어설,불성설어,불설어성,불설성어,성어불설,성어설불,성불어설,성불설어,성설어불,성설불어,설어불성,설어성불,설불어성,설불성어,설성어불,설성불어
언감생심,언감심생,언생감심,언생심감,언심감생,언심생감,감언생심,감언심생,감생언심,감생심언,감심언생,감심생언,생언감심,생언심감,생감언심,생감심언,생심언감,생심감언,심언감생,심언생감,심감언생,심감생언,심생언감,심생감언
언중유골,언중골유,언유중골,언유골중,언골중유,언골유중,중언유골,중언골유,중유언골,중유골언,중골언유,중골유언,유언중골,유언골중,유중언골,유중골언,유골언중,유골중언,골언중유,골언유중,골중언유,골중유언,골유언중,골유중언
여필종부,여필부종,여종필부,여종부필,여부필종,여부종필,필여종부,필여부종,필종여부,필종부여,필부여종,필부종여,종여필부,종여부필,종필여부,종필부여,종부여필,종부필여,부여필종,부여종필,부필여종,부필종여,부종여필,부종필여
역성혁명,역성명혁,역혁성명,역혁명성,역명성혁,역명혁성,성역혁명,성역명혁,성혁역명,성혁명역,성명역혁,성명혁역,혁역성명,혁역명성,혁성역명,혁성명역,혁명역성,혁명성역,명역성혁,명역혁성,명성역혁,명성혁역,명혁역성,명혁성역
연목구어,연목어구,연구목어,연구어목,연어목구,연어구목,목연구어,목연어구,목구연어,목구어연,목어연구,목어구연,구연목어,구연어목,구목연어,구목어연,구어연목,구어목연,어연목구,어연구목,어목연구,어목구연,어구연목,어구목연
오리무중,오리중무,오무리중,오무중리,오중리무,오중무리,리오무중,리오중무,리무오중,리무중오,리중오무,리중무오,무오리중,무오중리,무리오중,무리중오,무중오리,무중리오,중오리무,중오무리,중리오무,중리무오,중무오리,중무리오
오월동주,오월주동,오동월주,오동주월,오주월동,오주동월,월오동주,월오주동,월동오주,월동주오,월주오동,월주동오,동오월주,동오주월,동월오주,동월주오,동주오월,동주월오,주오월동,주오동월,주월오동,주월동오,주동오월,주동월오
외유내강,외유강내,외내유강,외내강유,외강유내,외강내유,유외내강,유외강내,유내외강,유내강외,유강외내,유강내외,내외유강,내외강유,내유외강,내유강외,내강외유,내강유외,강외유내,강외내유,강유외내,강유내외,강내외유,강내유외
용의주도,용의도주,용주의도,용주도의,용도의주,용도주의,의용주도,의용도주,의주용도,의주도용,의도용주,의도주용,주용의도,주용도의,주의용도,주의도용,주도용의,주도의용,도용의주,도용주의,도의용주,도의주용,도주용의,도주의용
우유부단,우유단부,우부유단,우부단유,우단유부,우단부유,유우부단,유우단부,유부우단,유부단우,유단우부,유단부우,부우유단,부우단유,부유우단,부유단우,부단우유,부단유우,단우유부,단우부유,단유우부,단유부우,단부우유,단부유우
원앙지계,원앙계지,원지앙계,원지계앙,원계앙지,원계지앙,앙원지계,앙원계지,앙지원계,앙지계원,앙계원지,앙계지원,지원앙계,지원계앙,지앙원계,지앙계원,지계원앙,지계앙원,계원앙지,계원지앙,계앙원지,계앙지원,계지원앙,계지앙원
위기일발,위기발일,위일기발,위일발기,위발기일,위발일기,기위일발,기위발일,기일위발,기일발위,기발위일,기발일위,일위기발,일위발기,일기위발,일기발위,일발위기,일발기위,발위기일,발위일기,발기위일,발기일위,발일위기,발일기위
유명무실,유명실무,유무명실,유무실명,유실명무,유실무명,명유무실,명유실무,명무유실,명무실유,명실유무,명실무유,무유명실,무유실명,무명유실,무명실유,무실유명,무실명유,실유명무,실유무명,실명유무,실명무유,실무유명,실무명유
음지전양,음지양전,음전지양,음전양지,음양지전,음양전지,지음전양,지음양전,지전음양,지전양음,지양음전,지양전음,전음지양,전음양지,전지음양,전지양음,전양음지,전양지음,양음지전,양음전지,양지음전,양지전음,양전음지,양전지음
의기투합,의기합투,의투기합,의투합기,의합기투,의합투기,기의투합,기의합투,기투의합,기투합의,기합의투,기합투의,투의기합,투의합기,투기의합,투기합의,투합의기,투합기의,합의기투,합의투기,합기의투,합기투의,합투의기,합투기의
이구동성,이구성동,이동구성,이동성구,이성구동,이성동구,구이동성,구이성동,구동이성,구동성이,구성이동,구성동이,동이구성,동이성구,동구이성,동구성이,동성이구,동성구이,성이구동,성이동구,성구이동,성구동이,성동이구,성동구이
이율배반,이율반배,이배율반,이배반율,이반율배,이반배율,율이배반,율이반배,율배이반,율배반이,율반이배,율반배이,배이율반,배이반율,배율이반,배율반이,배반이율,배반율이,반이율배,반이배율,반율이배,반율배이,반배이율,반배율이
인과응보,인과보응,인응과보,인응보과,인보과응,인보응과,과인응보,과인보응,과응인보,과응보인,과보인응,과보응인,응인과보,응인보과,응과인보,응과보인,응보인과,응보과인,보인과응,보인응과,보과인응,보과응인,보응인과,보응과인
일망타진,일망진타,일타망진,일타진망,일진망타,일진타망,망일타진,망일진타,망타일진,망타진일,망진일타,망진타일,타일망진,타일진망,타망일진,타망진일,타진일망,타진망일,진일망타,진일타망,진망일타,진망타일,진타일망,진타망일
일사천리,일사리천,일천사리,일천리사,일리사천,일리천사,사일천리,사일리천,사천일리,사천리일,사리일천,사리천일,천일사리,천일리사,천사일리,천사리일,천리일사,천리사일,리일사천,리일천사,리사일천,리사천일,리천일사,리천사일
일언지하,일언하지,일지언하,일지하언,일하언지,일하지언,언일지하,언일하지,언지일하,언지하일,언하일지,언하지일,지일언하,지일하언,지언일하,지언하일,지하일언,지하언일,하일언지,하일지언,하언일지,하언지일,하지일언,하지언일
임기응변,임기변응,임응기변,임응변기,임변기응,임변응기,기임응변,기임변응,기응임변,기응변임,기변임응,기변응임,응임기변,응임변기,응기임변,응기변임,응변임기,응변기임,변임기응,변임응기,변기임응,변기응임,변응임기,변응기임
입신양명,입신명양,입양신명,입양명신,입명신양,입명양신,신입양명,신입명양,신양입명,신양명입,신명입양,신명양입,양입신명,양입명신,양신입명,양신명입,양명입신,양명신입,명입신양,명입양신,명신입양,명신양입,명양입신,명양신입
자강불식,자강식불,자불강식,자불식강,자식강불,자식불강,강자불식,강자식불,강불자식,강불식자,강식자불,강식불자,불자강식,불자식강,불강자식,불강식자,불식자강,불식강자,식자강불,식자불강,식강자불,식강불자,식불자강,식불강자
자승자박,자승박자,자자승박,자자박승,자박승자,자박자승,승자자박,승자박자,승자자박,승자박자,승박자자,승박자자,자자승박,자자박승,자승자박,자승박자,자박자승,자박승자,박자승자,박자자승,박승자자,박승자자,박자자승,박자승자
전대미문,전대문미,전미대문,전미문대,전문대미,전문미대,대전미문,대전문미,대미전문,대미문전,대문전미,대문미전,미전대문,미전문대,미대전문,미대문전,미문전대,미문대전,문전대미,문전미대,문대전미,문대미전,문미전대,문미대전
절세가인,절세인가,절가세인,절가인세,절인세가,절인가세,세절가인,세절인가,세가절인,세가인절,세인절가,세인가절,가절세인,가절인세,가세절인,가세인절,가인절세,가인세절,인절세가,인절가세,인세절가,인세가절,인가절세,인가세절
절체절명,절체명절,절절체명,절절명체,절명체절,절명절체,체절절명,체절명절,체절절명,체절명절,체명절절,체명절절,절절체명,절절명체,절체절명,절체명절,절명절체,절명체절,명절체절,명절절체,명체절절,명체절절,명절절체,명절체절
조령모개,조령개모,조모령개,조모개령,조개령모,조개모령,령조모개,령조개모,령모조개,령모개조,령개조모,령개모조,모조령개,모조개령,모령조개,모령개조,모개조령,모개령조,개조령모,개조모령,개령조모,개령모조,개모조령,개모령조
종횡무진,종횡진무,종무횡진,종무진횡,종진횡무,종진무횡,횡종무진,횡종진무,횡무종진,횡무진종,횡진종무,횡진무종,무종횡진,무종진횡,무횡종진,무횡진종,무진종횡,무진횡종,진종횡무,진종무횡,진횡종무,진횡무종,진무종횡,진무횡종
좌불안석,좌불석안,좌안불석,좌안석불,좌석불안,좌석안불,불좌안석,불좌석안,불안좌석,불안석좌,불석좌안,불석안좌,안좌불석,안좌석불,안불좌석,안불석좌,안석좌불,안석불좌,석좌불안,석좌안불,석불좌안,석불안좌,석안좌불,석안불좌
주마가편,주마편가,주가마편,주가편마,주편마가,주편가마,마주가편,마주편가,마가주편,마가편주,마편주가,마편가주,가주마편,가주편마,가마주편,가마편주,가편주마,가편마주,편주마가,편주가마,편마주가,편마가주,편가주마,편가마주
죽고생사,죽고사생,죽생고사,죽생사고,죽사고생,죽사생고,고죽생사,고죽사생,고생죽사,고생사죽,고사죽생,고사생죽,생죽고사,생죽사고,생고죽사,생고사죽,생사죽고,생사고죽,사죽고생,사죽생고,사고죽생,사고생죽,사생죽고,사생고죽
지성감천,지성천감,지감성천,지감천성,지천성감,지천감성,성지감천,성지천감,성감지천,성감천지,성천지감,성천감지,감지성천,감지천성,감성지천,감성천지,감천지성,감천성지,천지성감,천지감성,천성지감,천성감지,천감지성,천감성지
진수성찬,진수찬성,진성수찬,진성찬수,진찬수성,진찬성수,수진성찬,수진찬성,수성진찬,수성찬진,수찬진성,수찬성진,성진수찬,성진찬수,성수진찬,성수찬진,성찬진수,성찬수진,찬진수성,찬진성수,찬수진성,찬수성진,찬성진수,찬성수진
철두철미,철두미철,철철두미,철철미두,철미두철,철미철두,두철철미,두철미철,두철철미,두철미철,두미철철,두미철철,철철두미,철철미두,철두철미,철두미철,철미철두,철미두철,미철두철,미철철두,미두철철,미두철철,미철철두,미철두철
청천벽력,청천력벽,청벽천력,청벽력천,청력천벽,청력벽천,천청벽력,천청력벽,천벽청력,천벽력청,천력청벽,천력벽청,벽청천력,벽청력천,벽천청력,벽천력청,벽력청천,벽력천청,력청천벽,력청벽천,력천청벽,력천벽청,력벽청천,력벽천청
초록동색,초록색동,초동록색,초동색록,초색록동,초색동록,록초동색,록초색동,록동초색,록동색초,록색초동,록색동초,동초록색,동초색록,동록초색,동록색초,동색초록,동색록초,색초록동,색초동록,색록초동,색록동초,색동초록,색동록초
취사선택,취사택선,취선사택,취선택사,취택사선,취택선사,사취선택,사취택선,사선취택,사선택취,사택취선,사택선취,선취사택,선취택사,선사취택,선사택취,선택취사,선택사취,택취사선,택취선사,택사취선,택사선취,택선취사,택선사취
침소봉대,침소대봉,침봉소대,침봉대소,침대소봉,침대봉소,소침봉대,소침대봉,소봉침대,소봉대침,소대침봉,소대봉침,봉침소대,봉침대소,봉소침대,봉소대침,봉대침소,봉대소침,대침소봉,대침봉소,대소침봉,대소봉침,대봉침소,대봉소침
쾌도난마,쾌도마난,쾌난도마,쾌난마도,쾌마도난,쾌마난도,도쾌난마,도쾌마난,도난쾌마,도난마쾌,도마쾌난,도마난쾌,난쾌도마,난쾌마도,난도쾌마,난도마쾌,난마쾌도,난마도쾌,마쾌도난,마쾌난도,마도쾌난,마도난쾌,마난쾌도,마난도쾌
타의추종,타의종추,타추의종,타추종의,타종의추,타종추의,의타추종,의타종추,의추타종,의추종타,의종타추,의종추타,추타의종,추타종의,추의타종,추의종타,추종타의,추종의타,종타의추,종타추의,종의타추,종의추타,종추타의,종추의타
토사구팽,토사팽구,토구사팽,토구팽사,토팽사구,토팽구사,사토구팽,사토팽구,사구토팽,사구팽토,사팽토구,사팽구토,구토사팽,구토팽사,구사토팽,구사팽토,구팽토사,구팽사토,팽토사구,팽토구사,팽사토구,팽사구토,팽구토사,팽구사토
파안대소,파안소대,파대안소,파대소안,파소안대,파소대안,안파대소,안파소대,안대파소,안대소파,안소파대,안소대파,대파안소,대파소안,대안파소,대안소파,대소파안,대소안파,소파안대,소파대안,소안파대,소안대파,소대파안,소대안파
평지풍파,평지파풍,평풍지파,평풍파지,평파지풍,평파풍지,지평풍파,지평파풍,지풍평파,지풍파평,지파평풍,지파풍평,풍평지파,풍평파지,풍지평파,풍지파평,풍파평지,풍파지평,파평지풍,파평풍지,파지평풍,파지풍평,파풍평지,파풍지평
포복절도,포복도절,포절복도,포절도복,포도복절,포도절복,복포절도,복포도절,복절포도,복절도포,복도포절,복도절포,절포복도,절포도복,절복포도,절복도포,절도포복,절도복포,도포복절,도포절복,도복포절,도복절포,도절포복,도절복포
표변부득,표변득부,표부변득,표부득변,표득변부,표득부변,변표부득,변표득부,변부표득,변부득표,변득표부,변득부표,부표변득,부표득변,부변표득,부변득표,부득표변,부득변표,득표변부,득표부변,득변표부,득변부표,득부표변,득부변표
풍찬노숙,풍찬숙노,풍노찬숙,풍노숙찬,풍숙찬노,풍숙노찬,찬풍노숙,찬풍숙노,찬노풍숙,찬노숙풍,찬숙풍노,찬숙노풍,노풍찬숙,노풍숙찬,노찬풍숙,노찬숙풍,노숙풍찬,노숙찬풍,숙풍찬노,숙풍노찬,숙찬풍노,숙찬노풍,숙노풍찬,숙노찬풍
필생즉사,필생사즉,필즉생사,필즉사생,필사생즉,필사즉생,생필즉사,생필사즉,생즉필사,생즉사필,생사필즉,생사즉필,즉필생사,즉필사생,즉생필사,즉생사필,즉사필생,즉사생필,사필생즉,사필즉생,사생필즉,사생즉필,사즉필생,사즉생필
하석상대,하석대상,하상석대,하상대석,하대석상,하대상석,석하상대,석하대상,석상하대,석상대하,석대하상,석대상하,상하석대,상하대석,상석하대,상석대하,상대하석,상대석하,대하석상,대하상석,대석하상,대석상하,대상하석,대상석하
학문지방,학문방지,학지문방,학지방문,학방문지,학방지문,문학지방,문학방지,문지학방,문지방학,문방학지,문방지학,지학문방,지학방문,지문학방,지문방학,지방학문,지방문학,방학문지,방학지문,방문학지,방문지학,방지학문,방지문학
함구무언,함구언무,함무구언,함무언구,함언구무,함언무구,구함무언,구함언무,구무함언,구무언함,구언함무,구언무함,무함구언,무함언구,무구함언,무구언함,무언함구,무언구함,언함구무,언함무구,언구함무,언구무함,언무함구,언무구함
허장성세,허장세성,허성장세,허성세장,허세장성,허세성장,장허성세,장허세성,장성허세,장성세허,장세허성,장세성허,성허장세,성허세장,성장허세,성장세허,성세허장,성세장허,세허장성,세허성장,세장허성,세장성허,세성허장,세성장허
현모양처,현모처양,현양모처,현양처모,현처모양,현처양모,모현양처,모현처양,모양현처,모양처현,모처현양,모처양현,양현모처,양현처모,양모현처,양모처현,양처현모,양처모현,처현모양,처현양모,처모현양,처모양현,처양현모,처양모현
형설지공,형설공지,형지설공,형지공설,형공설지,형공지설,설형지공,설형공지,설지형공,설지공형,설공형지,설공지형,지형설공,지형공설,지설형공,지설공형,지공형설,지공설형,공형설지,공형지설,공설형지,공설지형,공지형설,공지설형
호연지기,호연기지,호지연기,호지기연,호기연지,호기지연,연호지기,연호기지,연지호기,연지기호,연기호지,연기지호,지호연기,지호기연,지연호기,지연기호,지기호연,지기연호,기호연지,기호지연,기연호지,기연지호,기지호연,기지연호
혼비백산,혼비산백,혼백비산,혼백산비,혼산비백,혼산백비,비혼백산,비혼산백,비백혼산,비백산혼,비산혼백,비산백혼,백혼비산,백혼산비,백비혼산,백비산혼,백산혼비,백산비혼,산혼비백,산혼백비,산비혼백,산비백혼,산백혼비,산백비혼
화기애애,화기애애,화애기애,화애애기,화애기애,화애애기,기화애애,기화애애,기애화애,기애애화,기애화애,기애애화,애화기애,애화애기,애기화애,애기애화,애애화기,애애기화,애화기애,애화애기,애기화애,애기애화,애애화기,애애기화
화사첨족,화사족첨,화첨사족,화첨족사,화족사첨,화족첨사,사화첨족,사화족첨,사첨화족,사첨족화,사족화첨,사족첨화,첨화사족,첨화족사,첨사화족,첨사족화,첨족화사,첨족사화,족화사첨,족화첨사,족사화첨,족사첨화,족첨화사,족첨사화
화중지병,화중병지,화지중병,화지병중,화병중지,화병지중,중화지병,중화병지,중지화병,중지병화,중병화지,중병지화,지화중병,지화병중,지중화병,지중병화,지병화중,지병중화,병화중지,병화지중,병중화지,병중지화,병지화중,병지중화
후생가외,후생외가,후가생외,후가외생,후외생가,후외가생,생후가외,생후외가,생가후외,생가외후,생외후가,생외가후,가후생외,가후외생,가생후외,가생외후,가외후생,가외생후,외후생가,외후가생,외생후가,외생가후,외가후생,외가생후
흥망성쇠,흥망쇠성,흥성망쇠,흥성쇠망,흥쇠망성,흥쇠성망,망흥성쇠,망흥쇠성,망성흥쇠,망성쇠흥,망쇠흥성,망쇠성흥,성흥망쇠,성흥쇠망,성망흥쇠,성망쇠흥,성쇠흥망,성쇠망흥,쇠흥망성,쇠흥성망,쇠망흥성,쇠망성흥,쇠성흥망,쇠성망흥
흥진비래,흥진래비,흥비진래,흥비래진,흥래진비,흥래비진,진흥비래,진흥래비,진비흥래,진비래흥,진래흥비,진래비흥,비흥진래,비흥래진,비진흥래,비진래흥,비래흥진,비래진흥,래흥진비,래흥비진,래진흥비,래진비흥,래비흥진,래비진흥
각주구검,각주검구,각구주검,각구검주,각검주구,각검구주,주각구검,주각검구,주구각검,주구검각,주검각구,주검구각,구각주검,구각검주,구주각검,구주검각,구검각주,구검주각,검각주구,검각구주,검주각구,검주구각,검구각주,검구주각
감지덕지,감지지덕,감덕지지,감덕지지,감지지덕,감지덕지,지감덕지,지감지덕,지덕감지,지덕지감,지지감덕,지지덕감,덕감지지,덕감지지,덕지감지,덕지지감,덕지감지,덕지지감,지감지덕,지감덕지,지지감덕,지지덕감,지덕감지,지덕지감
개관사정,개관정사,개사관정,개사정관,개정관사,개정사관,관개사정,관개정사,관사개정,관사정개,관정개사,관정사개,사개관정,사개정관,사관개정,사관정개,사정개관,사정관개,정개관사,정개사관,정관개사,정관사개,정사개관,정사관개
경천동지,경천지동,경동천지,경동지천,경지천동,경지동천,천경동지,천경지동,천동경지,천동지경,천지경동,천지동경,동경천지,동경지천,동천경지,동천지경,동지경천,동지천경,지경천동,지경동천,지천경동,지천동경,지동경천,지동천경
고대광실,고대실광,고광대실,고광실대,고실대광,고실광대,대고광실,대고실광,대광고실,대광실고,대실고광,대실광고,광고대실,광고실대,광대고실,광대실고,광실고대,광실대고,실고대광,실고광대,실대고광,실대광고,실광고대,실광대고
고식지계,고식계지,고지식계,고지계식,고계식지,고계지식,식고지계,식고계지,식지고계,식지계고,식계고지,식계지고,지고식계,지고계식,지식고계,지식계고,지계고식,지계식고,계고식지,계고지식,계식고지,계식지고,계지고식,계지식고
공중누각,공중각누,공누중각,공누각중,공각중누,공각누중,중공누각,중공각누,중누공각,중누각공,중각공누,중각누공,누공중각,누공각중,누중공각,누중각공,누각공중,누각중공,각공중누,각공누중,각중공누,각중누공,각누공중,각누중공
과공비례,과공례비,과비공례,과비례공,과례공비,과례비공,공과비례,공과례비,공비과례,공비례과,공례과비,공례비과,비과공례,비과례공,비공과례,비공례과,비례과공,비례공과,례과공비,례과비공,례공과비,례공비과,례비과공,례비공과
구밀복검,구밀검복,구복밀검,구복검밀,구검밀복,구검복밀,밀구복검,밀구검복,밀복구검,밀복검구,밀검구복,밀검복구,복구밀검,복구검밀,복밀구검,복밀검구,복검구밀,복검밀구,검구밀복,검구복밀,검밀구복,검밀복구,검복구밀,검복밀구
군신유의,군신의유,군유신의,군유의신,군의신유,군의유신,신군유의,신군의유,신유군의,신유의군,신의군유,신의유군,유군신의,유군의신,유신군의,유신의군,유의군신,유의신군,의군신유,의군유신,의신군유,의신유군,의유군신,의유신군
금란지계,금란계지,금지란계,금지계란,금계란지,금계지란,란금지계,란금계지,란지금계,란지계금,란계금지,란계지금,지금란계,지금계란,지란금계,지란계금,지계금란,지계란금,계금란지,계금지란,계란금지,계란지금,계지금란,계지란금
금석지감,금석감지,금지석감,금지감석,금감석지,금감지석,석금지감,석금감지,석지금감,석지감금,석감금지,석감지금,지금석감,지금감석,지석금감,지석감금,지감금석,지감석금,감금석지,감금지석,감석금지,감석지금,감지금석,감지석금
기고만장,기고장만,기만고장,기만장고,기장고만,기장만고,고기만장,고기장만,고만기장,고만장기,고장기만,고장만기,만기고장,만기장고,만고기장,만고장기,만장기고,만장고기,장기고만,장기만고,장고기만,장고만기,장만기고,장만고기
기호지세,기호세지,기지호세,기지세호,기세호지,기세지호,호기지세,호기세지,호지기세,호지세기,호세기지,호세지기,지기호세,지기세호,지호기세,지호세기,지세기호,지세호기,세기호지,세기지호,세호기지,세호지기,세지기호,세지호기
난형난제,난형제난,난난형제,난난제형,난제형난,난제난형,형난난제,형난제난,형난난제,형난제난,형제난난,형제난난,난난형제,난난제형,난형난제,난형제난,난제난형,난제형난,제난형난,제난난형,제형난난,제형난난,제난난형,제난형난
노발대발,노발발대,노대발발,노대발발,노발발대,노발대발,발노대발,발노발대,발대노발,발대발노,발발노대,발발대노,대노발발,대노발발,대발노발,대발발노,대발노발,대발발노,발노발대,발노대발,발발노대,발발대노,발대노발,발대발노
녹의홍상,녹의상홍,녹홍의상,녹홍상의,녹상의홍,녹상홍의,의녹홍상,의녹상홍,의홍녹상,의홍상녹,의상녹홍,의상홍녹,홍녹의상,홍녹상의,홍의녹상,홍의상녹,홍상녹의,홍상의녹,상녹의홍,상녹홍의,상의녹홍,상의홍녹,상홍녹의,상홍의녹
능소능대,능소대능,능능소대,능능대소,능대소능,능대능소,소능능대,소능대능,소능능대,소능대능,소대능능,소대능능,능능소대,능능대소,능소능대,능소대능,능대능소,능대소능,대능소능,대능능소,대소능능,대소능능,대능능소,대능소능
단사표음,단사음표,단표사음,단표음사,단음사표,단음표사,사단표음,사단음표,사표단음,사표음단,사음단표,사음표단,표단사음,표단음사,표사단음,표사음단,표음단사,표음사단,음단사표,음단표사,음사단표,음사표단,음표단사,음표사단
담소자약,담소약자,담자소약,담자약소,담약소자,담약자소,소담자약,소담약자,소자담약,소자약담,소약담자,소약자담,자담소약,자담약소,자소담약,자소약담,자약담소,자약소담,약담소자,약담자소,약소담자,약소자담,약자담소,약자소담
당구풍월,당구월풍,당풍구월,당풍월구,당월구풍,당월풍구,구당풍월,구당월풍,구풍당월,구풍월당,구월당풍,구월풍당,풍당구월,풍당월구,풍구당월,풍구월당,풍월당구,풍월구당,월당구풍,월당풍구,월구당풍,월구풍당,월풍당구,월풍구당
대경실색,대경색실,대실경색,대실색경,대색경실,대색실경,경대실색,경대색실,경실대색,경실색대,경색대실,경색실대,실대경색,실대색경,실경대색,실경색대,실색대경,실색경대,색대경실,색대실경,색경대실,색경실대,색실대경,색실경대
도원결의,도원의결,도결원의,도결의원,도의원결,도의결원,원도결의,원도의결,원결도의,원결의도,원의도결,원의결도,결도원의,결도의원,결원도의,결원의도,결의도원,결의원도,의도원결,의도결원,의원도결,의원결도,의결도원,의결원도
도청도설,도청설도,도도청설,도도설청,도설청도,도설도청,청도도설,청도설도,청도도설,청도설도,청설도도,청설도도,도도청설,도도설청,도청도설,도청설도,도설도청,도설청도,설도청도,설도도청,설청도도,설청도도,설도도청,설도청도
동상이몽,동상몽이,동이상몽,동이몽상,동몽상이,동몽이상,상동이몽,상동몽이,상이동몽,상이몽동,상몽동이,상몽이동,이동상몽,이동몽상,이상동몽,이상몽동,이몽동상,이몽상동,몽동상이,몽동이상,몽상동이,몽상이동,몽이동상,몽이상동
만경창파,만경파창,만창경파,만창파경,만파경창,만파창경,경만창파,경만파창,경창만파,경창파만,경파만창,경파창만,창만경파,창만파경,창경만파,창경파만,창파만경,창파경만,파만경창,파만창경,파경만창,파경창만,파창만경,파창경만
명약관화,명약화관,명관약화,명관화약,명화약관,명화관약,약명관화,약명화관,약관명화,약관화명,약화명관,약화관명,관명약화,관명화약,관약명화,관약화명,관화명약,관화약명,화명약관,화명관약,화약명관,화약관명,화관명약,화관약명
면종복배,면종배복,면복종배,면복배종,면배종복,면배복종,종면복배,종면배복,종복면배,종복배면,종배면복,종배복면,복면종배,복면배종,복종면배,복종배면,복배면종,복배종면,배면종복,배면복종,배종면복,배종복면,배복면종,배복종면
무궁무진,무궁진무,무무궁진,무무진궁,무진궁무,무진무궁,궁무무진,궁무진무,궁무무진,궁무진무,궁진무무,궁진무무,무무궁진,무무진궁,무궁무진,무궁진무,무진무궁,무진궁무,진무궁무,진무무궁,진궁무무,진궁무무,진무무궁,진무궁무
무법천지,무법지천,무천법지,무천지법,무지법천,무지천법,법무천지,법무지천,법천무지,법천지무,법지무천,법지천무,천무법지,천무지법,천법무지,천법지무,천지무법,천지법무,지무법천,지무천법,지법무천,지법천무,지천무법,지천법무
물아일체,물아체일,물일아체,물일체아,물체아일,물체일아,아물일체,아물체일,아일물체,아일체물,아체물일,아체일물,일물아체,일물체아,일아물체,일아체물,일체물아,일체아물,체물아일,체물일아,체아물일,체아일물,체일물아,체일아물
백년가약,백년약가,백가년약,백가약년,백약년가,백약가년,년백가약,년백약가,년가백약,년가약백,년약백가,년약가백,가백년약,가백약년,가년백약,가년약백,가약백년,가약년백,약백년가,약백가년,약년백가,약년가백,약가백년,약가년백
백년해로,백년로해,백해년로,백해로년,백로년해,백로해년,년백해로,년백로해,년해백로,년해로백,년로백해,년로해백,해백년로,해백로년,해년백로,해년로백,해로백년,해로년백,로백년해,로백해년,로년백해,로년해백,로해백년,로해년백
백의종군,백의군종,백종의군,백종군의,백군의종,백군종의,의백종군,의백군종,의종백군,의종군백,의군백종,의군종백,종백의군,종백군의,종의백군,종의군백,종군백의,종군의백,군백의종,군백종의,군의백종,군의종백,군종백의,군종의백
불가사의,불가의사,불사가의,불사의가,불의가사,불의사가,가불사의,가불의사,가사불의,가사의불,가의불사,가의사불,사불가의,사불의가,사가불의,사가의불,사의불가,사의가불,의불가사,의불사가,의가불사,의가사불,의사불가,의사가불
불가항력,불가력항,불항가력,불항력가,불력가항,불력항가,가불항력,가불력항,가항불력,가항력불,가력불항,가력항불,항불가력,항불력가,항가불력,항가력불,항력불가,항력가불,력불가항,력불항가,력가불항,력가항불,력항불가,력항가불
비일비재,비일재비,비비일재,비비재일,비재일비,비재비일,일비비재,일비재비,일비비재,일비재비,일재비비,일재비비,비비일재,비비재일,비일비재,비일재비,비재비일,비재일비,재비일비,재비비일,재일비비,재일비비,재비비일,재비일비
사농공상,사농상공,사공농상,사공상농,사상농공,사상공농,농사공상,농사상공,농공사상,농공상사,농상사공,농상공사,공사농상,공사상농,공농사상,공농상사,공상사농,공상농사,상사농공,상사공농,상농사공,상농공사,상공사농,상공농사
사서삼경,사서경삼,사삼서경,사삼경서,사경서삼,사경삼서,서사삼경,서사경삼,서삼사경,서삼경사,서경사삼,서경삼사,삼사서경,삼사경서,삼서사경,삼서경사,삼경사서,삼경서사,경사서삼,경사삼서,경서사삼,경서삼사,경삼사서,경삼서사
산해진미,산해미진,산진해미,산진미해,산미해진,산미진해,해산진미,해산미진,해진산미,해진미산,해미산진,해미진산,진산해미,진산미해,진해산미,진해미산,진미산해,진미해산,미산해진,미산진해,미해산진,미해진산,미진산해,미진해산
삼강오륜,삼강륜오,삼오강륜,삼오륜강,삼륜강오,삼륜오강,강삼오륜,강삼륜오,강오삼륜,강오륜삼,강륜삼오,강륜오삼,오삼강륜,오삼륜강,오강삼륜,오강륜삼,오륜삼강,오륜강삼,륜삼강오,륜삼오강,륜강삼오,륜강오삼,륜오삼강,륜오강삼
삼삼오오,삼삼오오,삼오삼오,삼오오삼,삼오삼오,삼오오삼,삼삼오오,삼삼오오,삼오삼오,삼오오삼,삼오삼오,삼오오삼,오삼삼오,오삼오삼,오삼삼오,오삼오삼,오오삼삼,오오삼삼,오삼삼오,오삼오삼,오삼삼오,오삼오삼,오오삼삼,오오삼삼
삼척동자,삼척자동,삼동척자,삼동자척,삼자척동,삼자동척,척삼동자,척삼자동,척동삼자,척동자삼,척자삼동,척자동삼,동삼척자,동삼자척,동척삼자,동척자삼,동자삼척,동자척삼,자삼척동,자삼동척,자척삼동,자척동삼,자동삼척,자동척삼
상부상조,상부조상,상상부조,상상조부,상조부상,상조상부,부상상조,부상조상,부상상조,부상조상,부조상상,부조상상,상상부조,상상조부,상부상조,상부조상,상조상부,상조부상,조상부상,조상상부,조부상상,조부상상,조상상부,조상부상
선공후사,선공사후,선후공사,선후사공,선사공후,선사후공,공선후사,공선사후,공후선사,공후사선,공사선후,공사후선,후선공사,후선사공,후공선사,후공사선,후사선공,후사공선,사선공후,사선후공,사공선후,사공후선,사후선공,사후공선
선시후종,선시종후,선후시종,선후종시,선종시후,선종후시,시선후종,시선종후,시후선종,시후종선,시종선후,시종후선,후선시종,후선종시,후시선종,후시종선,후종선시,후종시선,종선시후,종선후시,종시선후,종시후선,종후선시,종후시선
성자필쇠,성자쇠필,성필자쇠,성필쇠자,성쇠자필,성쇠필자,자성필쇠,자성쇠필,자필성쇠,자필쇠성,자쇠성필,자쇠필성,필성자쇠,필성쇠자,필자성쇠,필자쇠성,필쇠성자,필쇠자성,쇠성자필,쇠성필자,쇠자성필,쇠자필성,쇠필성자,쇠필자성
소원성취,소원취성,소성원취,소성취원,소취원성,소취성원,원소성취,원소취성,원성소취,원성취소,원취소성,원취성소,성소원취,성소취원,성원소취,성원취소,성취소원,성취원소,취소원성,취소성원,취원소성,취원성소,취성소원,취성원소
수복강녕,수복녕강,수강복녕,수강녕복,수녕복강,수녕강복,복수강녕,복수녕강,복강수녕,복강녕수,복녕수강,복녕강수,강수복녕,강수녕복,강복수녕,강복녕수,강녕수복,강녕복수,녕수복강,녕수강복,녕복수강,녕복강수,녕강수복,녕강복수
시기상조,시기조상,시상기조,시상조기,시조기상,시조상기,기시상조,기시조상,기상시조,기상조시,기조시상,기조상시,상시기조,상시조기,상기시조,상기조시,상조시기,상조기시,조시기상,조시상기,조기시상,조기상시,조상시기,조상기시
식소사번,식소번사,식사소번,식사번소,식번소사,식번사소,소식사번,소식번사,소사식번,소사번식,소번식사,소번사식,사식소번,사식번소,사소식번,사소번식,사번식소,사번소식,번식소사,번식사소,번소식사,번소사식,번사식소,번사소식
신상필벌,신상벌필,신필상벌,신필벌상,신벌상필,신벌필상,상신필벌,상신벌필,상필신벌,상필벌신,상벌신필,상벌필신,필신상벌,필신벌상,필상신벌,필상벌신,필벌신상,필벌상신,벌신상필,벌신필상,벌상신필,벌상필신,벌필신상,벌필상신
십중팔구,십중구팔,십팔중구,십팔구중,십구중팔,십구팔중,중십팔구,중십구팔,중팔십구,중팔구십,중구십팔,중구팔십,팔십중구,팔십구중,팔중십구,팔중구십,팔구십중,팔구중십,구십중팔,구십팔중,구중십팔,구중팔십,구팔십중,구팔중십
아비규환,아비환규,아규비환,아규환비,아환비규,아환규비,비아규환,비아환규,비규아환,비규환아,비환아규,비환규아,규아비환,규아환비,규비아환,규비환아,규환아비,규환비아,환아비규,환아규비,환비아규,환비규아,환규아비,환규비아
애지중지,애지지중,애중지지,애중지지,애지지중,애지중지,지애중지,지애지중,지중애지,지중지애,지지애중,지지중애,중애지지,중애지지,중지애지,중지지애,중지애지,중지지애,지애지중,지애중지,지지애중,지지중애,지중애지,지중지애
양호유환,양호환유,양유호환,양유환호,양환호유,양환유호,호양유환,호양환유,호유양환,호유환양,호환양유,호환유양,유양호환,유양환호,유호양환,유호환양,유환양호,유환호양,환양호유,환양유호,환호양유,환호유양,환유양호,환유호양
어두육미,어두미육,어육두미,어육미두,어미두육,어미육두,두어육미,두어미육,두육어미,두육미어,두미어육,두미육어,육어두미,육어미두,육두어미,육두미어,육미어두,육미두어,미어두육,미어육두,미두어육,미두육어,미육어두,미육두어
엄동설한,엄동한설,엄설동한,엄설한동,엄한동설,엄한설동,동엄설한,동엄한설,동설엄한,동설한엄,동한엄설,동한설엄,설엄동한,설엄한동,설동엄한,설동한엄,설한엄동,설한동엄,한엄동설,한엄설동,한동엄설,한동설엄,한설엄동,한설동엄
오매불망,오매망불,오불매망,오불망매,오망매불,오망불매,매오불망,매오망불,매불오망,매불망오,매망오불,매망불오,불오매망,불오망매,불매오망,불매망오,불망오매,불망매오,망오매불,망오불매,망매오불,망매불오,망불오매,망불매오
온고지신,온고신지,온지고신,온지신고,온신고지,온신지고,고온지신,고온신지,고지온신,고지신온,고신온지,고신지온,지온고신,지온신고,지고온신,지고신온,지신온고,지신고온,신온고지,신온지고,신고온지,신고지온,신지온고,신지고온
완전무결,완전결무,완무전결,완무결전,완결전무,완결무전,전완무결,전완결무,전무완결,전무결완,전결완무,전결무완,무완전결,무완결전,무전완결,무전결완,무결완전,무결전완,결완전무,결완무전,결전완무,결전무완,결무완전,결무전완
요지부동,요지동부,요부지동,요부동지,요동지부,요동부지,지요부동,지요동부,지부요동,지부동요,지동요부,지동부요,부요지동,부요동지,부지요동,부지동요,부동요지,부동지요,동요지부,동요부지,동지요부,동지부요,동부요지,동부지요
우후죽순,우후순죽,우죽후순,우죽순후,우순후죽,우순죽후,후우죽순,후우순죽,후죽우순,후죽순우,후순우죽,후순죽우,죽우후순,죽우순후,죽후우순,죽후순우,죽순우후,죽순후우,순우후죽,순우죽후,순후우죽,순후죽우,순죽우후,순죽후우
유비무환,유비환무,유무비환,유무환비,유환비무,유환무비,비유무환,비유환무,비무유환,비무환유,비환유무,비환무유,무유비환,무유환비,무비유환,무비환유,무환유비,무환비유,환유비무,환유무비,환비유무,환비무유,환무유비,환무비유
은인자중,은인중자,은자인중,은자중인,은중인자,은중자인,인은자중,인은중자,인자은중,인자중은,인중은자,인중자은,자은인중,자은중인,자인은중,자인중은,자중은인,자중인은,중은인자,중은자인,중인은자,중인자은,중자은인,중자인은
이판사판,이판판사,이사판판,이사판판,이판판사,이판사판,판이사판,판이판사,판사이판,판사판이,판판이사,판판사이,사이판판,사이판판,사판이판,사판판이,사판이판,사판판이,판이판사,판이사판,판판이사,판판사이,판사이판,판사판이
일구이언,일구언이,일이구언,일이언구,일언구이,일언이구,구일이언,구일언이,구이일언,구이언일,구언일이,구언이일,이일구언,이일언구,이구일언,이구언일,이언일구,이언구일,언일구이,언일이구,언구일이,언구이일,언이일구,언이구일
일도양단,일도단양,일양도단,일양단도,일단도양,일단양도,도일양단,도일단양,도양일단,도양단일,도단일양,도단양일,양일도단,양일단도,양도일단,양도단일,양단일도,양단도일,단일도양,단일양도,단도일양,단도양일,단양일도,단양도일
일취월장,일취장월,일월취장,일월장취,일장취월,일장월취,취일월장,취일장월,취월일장,취월장일,취장일월,취장월일,월일취장,월일장취,월취일장,월취장일,월장일취,월장취일,장일취월,장일월취,장취일월,장취월일,장월일취,장월취일
임전무퇴,임전퇴무,임무전퇴,임무퇴전,임퇴전무,임퇴무전,전임무퇴,전임퇴무,전무임퇴,전무퇴임,전퇴임무,전퇴무임,무임전퇴,무임퇴전,무전임퇴,무전퇴임,무퇴임전,무퇴전임,퇴임전무,퇴임무전,퇴전임무,퇴전무임,퇴무임전,퇴무전임
적재적소,적재소적,적적재소,적적소재,적소재적,적소적재,재적적소,재적소적,재적적소,재적소적,재소적적,재소적적,적적재소,적적소재,적재적소,적재소적,적소적재,적소재적,소적재적,소적적재,소재적적,소재적적,소적적재,소적재적
전인미답,전인답미,전미인답,전미답인,전답인미,전답미인,인전미답,인전답미,인미전답,인미답전,인답전미,인답미전,미전인답,미전답인,미인전답,미인답전,미답전인,미답인전,답전인미,답전미인,답인전미,답인미전,답미전인,답미인전
전전반측,전전측반,전반전측,전반측전,전측전반,전측반전,전전반측,전전측반,전반전측,전반측전,전측전반,전측반전,반전전측,반전측전,반전전측,반전측전,반측전전,반측전전,측전전반,측전반전,측전전반,측전반전,측반전전,측반전전
절장보단,절장단보,절보장단,절보단장,절단장보,절단보장,장절보단,장절단보,장보절단,장보단절,장단절보,장단보절,보절장단,보절단장,보장절단,보장단절,보단절장,보단장절,단절장보,단절보장,단장절보,단장보절,단보절장,단보장절
절치부심,절치심부,절부치심,절부심치,절심치부,절심부치,치절부심,치절심부,치부절심,치부심절,치심절부,치심부절,부절치심,부절심치,부치절심,부치심절,부심절치,부심치절,심절치부,심절부치,심치절부,심치부절,심부절치,심부치절
조강지처,조강처지,조지강처,조지처강,조처강지,조처지강,강조지처,강조처지,강지조처,강지처조,강처조지,강처지조,지조강처,지조처강,지강조처,지강처조,지처조강,지처강조,처조강지,처조지강,처강조지,처강지조,처지조강,처지강조
좌고우면,좌고면우,좌우고면,좌우면고,좌면고우,좌면우고,고좌우면,고좌면우,고우좌면,고우면좌,고면좌우,고면우좌,우좌고면,우좌면고,우고좌면,우고면좌,우면좌고,우면고좌,면좌고우,면좌우고,면고좌우,면고우좌,면우좌고,면우고좌
좌정관천,좌정천관,좌관정천,좌관천정,좌천정관,좌천관정,정좌관천,정좌천관,정관좌천,정관천좌,정천좌관,정천관좌,관좌정천,관좌천정,관정좌천,관정천좌,관천좌정,관천정좌,천좌정관,천좌관정,천정좌관,천정관좌,천관좌정,천관정좌
천신만고,천신고만,천만신고,천만고신,천고신만,천고만신,신천만고,신천고만,신만천고,신만고천,신고천만,신고만천,만천신고,만천고신,만신천고,만신고천,만고천신,만고신천,고천신만,고천만신,고신천만,고신만천,고만천신,고만신천
천의무봉,천의봉무,천무의봉,천무봉의,천봉의무,천봉무의,의천무봉,의천봉무,의무천봉,의무봉천,의봉천무,의봉무천,무천의봉,무천봉의,무의천봉,무의봉천,무봉천의,무봉의천,봉천의무,봉천무의,봉의천무,봉의무천,봉무천의,봉무의천
철석간장,철석장간,철간석장,철간장석,철장석간,철장간석,석철간장,석철장간,석간철장,석간장철,석장철간,석장간철,간철석장,간철장석,간석철장,간석장철,간장철석,간장석철,장철석간,장철간석,장석철간,장석간철,장간철석,장간석철
청운지지,청운지지,청지운지,청지지운,청지운지,청지지운,운청지지,운청지지,운지청지,운지지청,운지청지,운지지청,지청운지,지청지운,지운청지,지운지청,지지청운,지지운청,지청운지,지청지운,지운청지,지운지청,지지청운,지지운청
초미지급,초미급지,초지미급,초지급미,초급미지,초급지미,미초지급,미초급지,미지초급,미지급초,미급초지,미급지초,지초미급,지초급미,지미초급,지미급초,지급초미,지급미초,급초미지,급초지미,급미초지,급미지초,급지초미,급지미초
총명예지,총명지예,총예명지,총예지명,총지명예,총지예명,명총예지,명총지예,명예총지,명예지총,명지총예,명지예총,예총명지,예총지명,예명총지,예명지총,예지총명,예지명총,지총명예,지총예명,지명총예,지명예총,지예총명,지예명총
추풍낙엽,추풍엽낙,추낙풍엽,추낙엽풍,추엽풍낙,추엽낙풍,풍추낙엽,풍추엽낙,풍낙추엽,풍낙엽추,풍엽추낙,풍엽낙추,낙추풍엽,낙추엽풍,낙풍추엽,낙풍엽추,낙엽추풍,낙엽풍추,엽추풍낙,엽추낙풍,엽풍추낙,엽풍낙추,엽낙추풍,엽낙풍추
춘하추동,춘하동추,춘추하동,춘추동하,춘동하추,춘동추하,하춘추동,하춘동추,하추춘동,하추동춘,하동춘추,하동추춘,추춘하동,추춘동하,추하춘동,추하동춘,추동춘하,추동하춘,동춘하추,동춘추하,동하춘추,동하추춘,동추춘하,동추하춘
출가외인,출가인외,출외가인,출외인가,출인가외,출인외가,가출외인,가출인외,가외출인,가외인출,가인출외,가인외출,외출가인,외출인가,외가출인,외가인출,외인출가,외인가출,인출가외,인출외가,인가출외,인가외출,인외출가,인외가출
치지도외,치지외도,치도지외,치도외지,치외지도,치외도지,지치도외,지치외도,지도치외,지도외치,지외치도,지외도치,도치지외,도치외지,도지치외,도지외치,도외치지,도외지치,외치지도,외치도지,외지치도,외지도치,외도치지,외도지치
태산북두,태산두북,태북산두,태북두산,태두산북,태두북산,산태북두,산태두북,산북태두,산북두태,산두태북,산두북태,북태산두,북태두산,북산태두,북산두태,북두태산,북두산태,두태산북,두태북산,두산태북,두산북태,두북태산,두북산태
태연자약,태연약자,태자연약,태자약연,태약연자,태약자연,연태자약,연태약자,연자태약,연자약태,연약태자,연약자태,자태연약,자태약연,자연태약,자연약태,자약태연,자약연태,약태연자,약태자연,약연태자,약연자태,약자태연,약자연태
토매인우,토매우인,토인매우,토인우매,토우매인,토우인매,매토인우,매토우인,매인토우,매인우토,매우토인,매우인토,인토매우,인토우매,인매토우,인매우토,인우토매,인우매토,우토매인,우토인매,우매토인,우매인토,우인토매,우인매토
파사현정,파사정현,파현사정,파현정사,파정사현,파정현사,사파현정,사파정현,사현파정,사현정파,사정파현,사정현파,현파사정,현파정사,현사파정,현사정파,현정파사,현정사파,정파사현,정파현사,정사파현,정사현파,정현파사,정현사파
형형색색,형형색색,형색형색,형색색형,형색형색,형색색형,형형색색,형형색색,형색형색,형색색형,형색형색,형색색형,색형형색,색형색형,색형형색,색형색형,색색형형,색색형형,색형형색,색형색형,색형형색,색형색형,색색형형,색색형형
호사다마,호사마다,호다사마,호다마사,호마사다,호마다사,사호다마,사호마다,사다호마,사다마호,사마호다,사마다호,다호사마,다호마사,다사호마,다사마호,다마호사,다마사호,마호사다,마호다사,마사호다,마사다호,마다호사,마다사호
혼정신성,혼정성신,혼신정성,혼신성정,혼성정신,혼성신정,정혼신성,정혼성신,정신혼성,정신성혼,정성혼신,정성신혼,신혼정성,신혼성정,신정혼성,신정성혼,신성혼정,신성정혼,성혼정신,성혼신정,성정혼신,성정신혼,성신혼정,성신정혼
홍로점설,홍로설점,홍점로설,홍점설로,홍설로점,홍설점로,로홍점설,로홍설점,로점홍설,로점설홍,로설홍점,로설점홍,점홍로설,점홍설로,점로홍설,점로설홍,점설홍로,점설로홍,설홍로점,설홍점로,설로홍점,설로점홍,설점홍로,설점로홍
활살자재,활살재자,활자살재,활자재살,활재살자,활재자살,살활자재,살활재자,살자활재,살자재활,살재활자,살재자활,자활살재,자활재살,자살활재,자살재활,자재활살,자재살활,재활살자,재활자살,재살활자,재살자활,재자활살,재자살활
후회막급,후회급막,후막회급,후막급회,후급회막,후급막회,회후막급,회후급막,회막후급,회막급후,회급후막,회급막후,막후회급,막후급회,막회후급,막회급후,막급후회,막급회후,급후회막,급후막회,급회후막,급회막후,급막후회,급막회후
격물치지,격물지치,격치물지,격치지물,격지물치,격지치물,물격치지,물격지치,물치격지,물치지격,물지격치,물지치격,치격물지,치격지물,치물격지,치물지격,치지격물,치지물격,지격물치,지격치물,지물격치,지물치격,지치격물,지치물격
견강부회,견강회부,견부강회,견부회강,견회강부,견회부강,강견부회,강견회부,강부견회,강부회견,강회견부,강회부견,부견강회,부견회강,부강견회,부강회견,부회견강,부회강견,회견강부,회견부강,회강견부,회강부견,회부견강,회부강견
고장난명,고장명난,고난장명,고난명장,고명장난,고명난장,장고난명,장고명난,장난고명,장난명고,장명고난,장명난고,난고장명,난고명장,난장고명,난장명고,난명고장,난명장고,명고장난,명고난장,명장고난,명장난고,명난고장,명난장고
골육상쟁,골육쟁상,골상육쟁,골상쟁육,골쟁육상,골쟁상육,육골상쟁,육골쟁상,육상골쟁,육상쟁골,육쟁골상,육쟁상골,상골육쟁,상골쟁육,상육골쟁,상육쟁골,상쟁골육,상쟁육골,쟁골육상,쟁골상육,쟁육골상,쟁육상골,쟁상골육,쟁상육골
교자채신,교자신채,교채자신,교채신자,교신자채,교신채자,자교채신,자교신채,자채교신,자채신교,자신교채,자신채교,채교자신,채교신자,채자교신,채자신교,채신교자,채신자교,신교자채,신교채자,신자교채,신자채교,신채교자,신채자교
금지옥엽,금지엽옥,금옥지엽,금옥엽지,금엽지옥,금엽옥지,지금옥엽,지금엽옥,지옥금엽,지옥엽금,지엽금옥,지엽옥금,옥금지엽,옥금엽지,옥지금엽,옥지엽금,옥엽금지,옥엽지금,엽금지옥,엽금옥지,엽지금옥,엽지옥금,엽옥금지,엽옥지금
남가일몽,남가몽일,남일가몽,남일몽가,남몽가일,남몽일가,가남일몽,가남몽일,가일남몽,가일몽남,가몽남일,가몽일남,일남가몽,일남몽가,일가남몽,일가몽남,일몽남가,일몽가남,몽남가일,몽남일가,몽가남일,몽가일남,몽일남가,몽일가남
내우외환,내우환외,내외우환,내외환우,내환우외,내환외우,우내외환,우내환외,우외내환,우외환내,우환내외,우환외내,외내우환,외내환우,외우내환,외우환내,외환내우,외환우내,환내우외,환내외우,환우내외,환우외내,환외내우,환외우내
농가성진,농가진성,농성가진,농성진가,농진가성,농진성가,가농성진,가농진성,가성농진,가성진농,가진농성,가진성농,성농가진,성농진가,성가농진,성가진농,성진농가,성진가농,진농가성,진농성가,진가농성,진가성농,진성농가,진성가농
대의명분,대의분명,대명의분,대명분의,대분의명,대분명의,의대명분,의대분명,의명대분,의명분대,의분대명,의분명대,명대의분,명대분의,명의대분,명의분대,명분대의,명분의대,분대의명,분대명의,분의대명,분의명대,분명대의,분명의대
독야청청,독야청청,독청야청,독청청야,독청야청,독청청야,야독청청,야독청청,야청독청,야청청독,야청독청,야청청독,청독야청,청독청야,청야독청,청야청독,청청독야,청청야독,청독야청,청독청야,청야독청,청야청독,청청독야,청청야독
만시지탄,만시탄지,만지시탄,만지탄시,만탄시지,만탄지시,시만지탄,시만탄지,시지만탄,시지탄만,시탄만지,시탄지만,지만시탄,지만탄시,지시만탄,지시탄만,지탄만시,지탄시만,탄만시지,탄만지시,탄시만지,탄시지만,탄지만시,탄지시만
명모호치,명모치호,명호모치,명호치모,명치모호,명치호모,모명호치,모명치호,모호명치,모호치명,모치명호,모치호명,호명모치,호명치모,호모명치,호모치명,호치명모,호치모명,치명모호,치명호모,치모명호,치모호명,치호명모,치호모명
무용지물,무용물지,무지용물,무지물용,무물용지,무물지용,용무지물,용무물지,용지무물,용지물무,용물무지,용물지무,지무용물,지무물용,지용무물,지용물무,지물무용,지물용무,물무용지,물무지용,물용무지,물용지무,물지무용,물지용무
반식재상,반식상재,반재식상,반재상식,반상식재,반상재식,식반재상,식반상재,식재반상,식재상반,식상반재,식상재반,재반식상,재반상식,재식반상,재식상반,재상반식,재상식반,상반식재,상반재식,상식반재,상식재반,상재반식,상재식반
배수지진,배수진지,배지수진,배지진수,배진수지,배진지수,수배지진,수배진지,수지배진,수지진배,수진배지,수진지배,지배수진,지배진수,지수배진,지수진배,지진배수,지진수배,진배수지,진배지수,진수배지,진수지배,진지배수,진지수배
백면서생,백면생서,백서면생,백서생면,백생면서,백생서면,면백서생,면백생서,면서백생,면서생백,면생백서,면생서백,서백면생,서백생면,서면백생,서면생백,서생백면,서생면백,생백면서,생백서면,생면백서,생면서백,생서백면,생서면백
비분강개,비분개강,비강분개,비강개분,비개분강,비개강분,분비강개,분비개강,분강비개,분강개비,분개비강,분개강비,강비분개,강비개분,강분비개,강분개비,강개비분,강개분비,개비분강,개비강분,개분비강,개분강비,개강비분,개강분비
사생결단,사생단결,사결생단,사결단생,사단생결,사단결생,생사결단,생사단결,생결사단,생결단사,생단사결,생단결사,결사생단,결사단생,결생사단,결생단사,결단사생,결단생사,단사생결,단사결생,단생사결,단생결사,단결사생,단결생사
사통오달,사통달오,사오통달,사오달통,사달통오,사달오통,통사오달,통사달오,통오사달,통오달사,통달사오,통달오사,오사통달,오사달통,오통사달,오통달사,오달사통,오달통사,달사통오,달사오통,달통사오,달통오사,달오사통,달오통사
삼복더위,삼복위더,삼더복위,삼더위복,삼위복더,삼위더복,복삼더위,복삼위더,복더삼위,복더위삼,복위삼더,복위더삼,더삼복위,더삼위복,더복삼위,더복위삼,더위삼복,더위복삼,위삼복더,위삼더복,위복삼더,위복더삼,위더삼복,위더복삼
상전벽해,상전해벽,상벽전해,상벽해전,상해전벽,상해벽전,전상벽해,전상해벽,전벽상해,전벽해상,전해상벽,전해벽상,벽상전해,벽상해전,벽전상해,벽전해상,벽해상전,벽해전상,해상전벽,해상벽전,해전상벽,해전벽상,해벽상전,해벽전상
수수께끼,수수끼께,수께수끼,수께끼수,수끼수께,수끼께수,수수께끼,수수끼께,수께수끼,수께끼수,수끼수께,수끼께수,께수수끼,께수끼수,께수수끼,께수끼수,께끼수수,께끼수수,끼수수께,끼수께수,끼수수께,끼수께수,끼께수수,끼께수수
수어지교,수어교지,수지어교,수지교어,수교어지,수교지어,어수지교,어수교지,어지수교,어지교수,어교수지,어교지수,지수어교,지수교어,지어수교,지어교수,지교수어,지교어수,교수어지,교수지어,교어수지,교어지수,교지수어,교지어수
수적천석,수적석천,수천적석,수천석적,수석적천,수석천적,적수천석,적수석천,적천수석,적천석수,적석수천,적석천수,천수적석,천수석적,천적수석,천적석수,천석수적,천석적수,석수적천,석수천적,석적수천,석적천수,석천수적,석천적수
순풍에 돛,순풍돛에,순에풍돛,순에돛풍,순돛풍에,순돛에풍,풍순에돛,풍순돛에,풍에순돛,풍에돛순,풍돛순에,풍돛에순,에순풍돛,에순돛풍,에풍순돛,에풍돛순,에돛순풍,에돛풍순,돛순풍에,돛순에풍,돛풍순에,돛풍에순,돛에순풍,돛에풍순
시기질투,시기투질,시질기투,시질투기,시투기질,시투질기,기시질투,기시투질,기질시투,기질투시,기투시질,기투질시,질시기투,질시투기,질기시투,질기투시,질투시기,질투기시,투시기질,투시질기,투기시질,투기질시,투질시기,투질기시
애매모호,애매호모,애모매호,애모호매,애호매모,애호모매,매애모호,매애호모,매모애호,매모호애,매호애모,매호모애,모애매호,모애호매,모매애호,모매호애,모호애매,모호매애,호애매모,호애모매,호매애모,호매모애,호모애매,호모매애
양상군자,양상자군,양군상자,양군자상,양자상군,양자군상,상양군자,상양자군,상군양자,상군자양,상자양군,상자군양,군양상자,군양자상,군상양자,군상자양,군자양상,군자상양,자양상군,자양군상,자상양군,자상군양,자군양상,자군상양
어부지리,어부리지,어지부리,어지리부,어리부지,어리지부,부어지리,부어리지,부지어리,부지리어,부리어지,부리지어,지어부리,지어리부,지부어리,지부리어,지리어부,지리부어,리어부지,리어지부,리부어지,리부지어,리지어부,리지부어
오합지졸,오합졸지,오지합졸,오지졸합,오졸합지,오졸지합,합오지졸,합오졸지,합지오졸,합지졸오,합졸오지,합졸지오,지오합졸,지오졸합,지합오졸,지합졸오,지졸오합,지졸합오,졸오합지,졸오지합,졸합오지,졸합지오,졸지오합,졸지합오
와신상담,와신담상,와상신담,와상담신,와담신상,와담상신,신와상담,신와담상,신상와담,신상담와,신담와상,신담상와,상와신담,상와담신,상신와담,상신담와,상담와신,상담신와,담와신상,담와상신,담신와상,담신상와,담상와신,담상신와
외유내강,외유강내,외내유강,외내강유,외강유내,외강내유,유외내강,유외강내,유내외강,유내강외,유강외내,유강내외,내외유강,내외강유,내유외강,내유강외,내강외유,내강유외,강외유내,강외내유,강유외내,강유내외,강내외유,강내유외
용호상박,용호박상,용상호박,용상박호,용박호상,용박상호,호용상박,호용박상,호상용박,호상박용,호박용상,호박상용,상용호박,상용박호,상호용박,상호박용,상박용호,상박호용,박용호상,박용상호,박호용상,박호상용,박상용호,박상호용
우공이산,우공산이,우이공산,우이산공,우산공이,우산이공,공우이산,공우산이,공이우산,공이산우,공산우이,공산이우,이우공산,이우산공,이공우산,이공산우,이산우공,이산공우,산우공이,산우이공,산공우이,산공이우,산이우공,산이공우
위풍당당,위풍당당,위당풍당,위당당풍,위당풍당,위당당풍,풍위당당,풍위당당,풍당위당,풍당당위,풍당위당,풍당당위,당위풍당,당위당풍,당풍위당,당풍당위,당당위풍,당당풍위,당위풍당,당위당풍,당풍위당,당풍당위,당당위풍,당당풍위
유유상종,유유종상,유상유종,유상종유,유종유상,유종상유,유유상종,유유종상,유상유종,유상종유,유종유상,유종상유,상유유종,상유종유,상유유종,상유종유,상종유유,상종유유,종유유상,종유상유,종유유상,종유상유,종상유유,종상유유
은혜보답,은혜답보,은보혜답,은보답혜,은답혜보,은답보혜,혜은보답,혜은답보,혜보은답,혜보답은,혜답은보,혜답보은,보은혜답,보은답혜,보혜은답,보혜답은,보답은혜,보답혜은,답은혜보,답은보혜,답혜은보,답혜보은,답보은혜,답보혜은
이열치열,이열열치,이치열열,이치열열,이열열치,이열치열,열이치열,열이열치,열치이열,열치열이,열열이치,열열치이,치이열열,치이열열,치열이열,치열열이,치열이열,치열열이,열이열치,열이치열,열열이치,열열치이,열치이열,열치열이
인명재천,인명천재,인재명천,인재천명,인천명재,인천재명,명인재천,명인천재,명재인천,명재천인,명천인재,명천재인,재인명천,재인천명,재명인천,재명천인,재천인명,재천명인,천인명재,천인재명,천명인재,천명재인,천재인명,천재명인
일장춘몽,일장몽춘,일춘장몽,일춘몽장,일몽장춘,일몽춘장,장일춘몽,장일몽춘,장춘일몽,장춘몽일,장몽일춘,장몽춘일,춘일장몽,춘일몽장,춘장일몽,춘장몽일,춘몽일장,춘몽장일,몽일장춘,몽일춘장,몽장일춘,몽장춘일,몽춘일장,몽춘장일
일촉즉발,일촉발즉,일즉촉발,일즉발촉,일발촉즉,일발즉촉,촉일즉발,촉일발즉,촉즉일발,촉즉발일,촉발일즉,촉발즉일,즉일촉발,즉일발촉,즉촉일발,즉촉발일,즉발일촉,즉발촉일,발일촉즉,발일즉촉,발촉일즉,발촉즉일,발즉일촉,발즉촉일
일편단심,일편심단,일단편심,일단심편,일심편단,일심단편,편일단심,편일심단,편단일심,편단심일,편심일단,편심단일,단일편심,단일심편,단편일심,단편심일,단심일편,단심편일,심일편단,심일단편,심편일단,심편단일,심단일편,심단편일
자문자답,자문답자,자자문답,자자답문,자답문자,자답자문,문자자답,문자답자,문자자답,문자답자,문답자자,문답자자,자자문답,자자답문,자문자답,자문답자,자답자문,자답문자,답자문자,답자자문,답문자자,답문자자,답자자문,답자문자
자중지란,자중란지,자지중란,자지란중,자란중지,자란지중,중자지란,중자란지,중지자란,중지란자,중란자지,중란지자,지자중란,지자란중,지중자란,지중란자,지란자중,지란중자,란자중지,란자지중,란중자지,란중지자,란지자중,란지중자
전광석화,전광화석,전석광화,전석화광,전화광석,전화석광,광전석화,광전화석,광석전화,광석화전,광화전석,광화석전,석전광화,석전화광,석광전화,석광화전,석화전광,석화광전,화전광석,화전석광,화광전석,화광석전,화석전광,화석광전
점입가경,점입경가,점가입경,점가경입,점경입가,점경가입,입점가경,입점경가,입가점경,입가경점,입경점가,입경가점,가점입경,가점경입,가입점경,가입경점,가경점입,가경입점,경점입가,경점가입,경입점가,경입가점,경가점입,경가입점
조변석개,조변개석,조석변개,조석개변,조개변석,조개석변,변조석개,변조개석,변석조개,변석개조,변개조석,변개석조,석조변개,석조개변,석변조개,석변개조,석개조변,석개변조,개조변석,개조석변,개변조석,개변석조,개석조변,개석변조
천차만별,천차별만,천만차별,천만별차,천별차만,천별만차,차천만별,차천별만,차만천별,차만별천,차별천만,차별만천,만천차별,만천별차,만차천별,만차별천,만별천차,만별차천,별천차만,별천만차,별차천만,별차만천,별만천차,별만차천
천편일률,천편률일,천일편률,천일률편,천률편일,천률일편,편천일률,편천률일,편일천률,편일률천,편률천일,편률일천,일천편률,일천률편,일편천률,일편률천,일률천편,일률편천,률천편일,률천일편,률편천일,률편일천,률일천편,률일편천
청렴결백,청렴백결,청결렴백,청결백렴,청백렴결,청백결렴,렴청결백,렴청백결,렴결청백,렴결백청,렴백청결,렴백결청,결청렴백,결청백렴,결렴청백,결렴백청,결백청렴,결백렴청,백청렴결,백청결렴,백렴청결,백렴결청,백결청렴,백결렴청
촌철살인,촌철인살,촌살철인,촌살인철,촌인철살,촌인살철,철촌살인,철촌인살,철살촌인,철살인촌,철인촌살,철인살촌,살촌철인,살촌인철,살철촌인,살철인촌,살인촌철,살인철촌,인촌철살,인촌살철,인철촌살,인철살촌,인살촌철,인살철촌
칠전팔기,칠전기팔,칠팔전기,칠팔기전,칠기전팔,칠기팔전,전칠팔기,전칠기팔,전팔칠기,전팔기칠,전기칠팔,전기팔칠,팔칠전기,팔칠기전,팔전칠기,팔전기칠,팔기칠전,팔기전칠,기칠전팔,기칠팔전,기전칠팔,기전팔칠,기팔칠전,기팔전칠
쾌도난마,쾌도마난,쾌난도마,쾌난마도,쾌마도난,쾌마난도,도쾌난마,도쾌마난,도난쾌마,도난마쾌,도마쾌난,도마난쾌,난쾌도마,난쾌마도,난도쾌마,난도마쾌,난마쾌도,난마도쾌,마쾌도난,마쾌난도,마도쾌난,마도난쾌,마난쾌도,마난도쾌
태산준령,태산령준,태준산령,태준령산,태령산준,태령준산,산태준령,산태령준,산준태령,산준령태,산령태준,산령준태,준태산령,준태령산,준산태령,준산령태,준령태산,준령산태,령태산준,령태준산,령산태준,령산준태,령준태산,령준산태
풍전등화,풍전화등,풍등전화,풍등화전,풍화전등,풍화등전,전풍등화,전풍화등,전등풍화,전등화풍,전화풍등,전화등풍,등풍전화,등풍화전,등전풍화,등전화풍,등화풍전,등화전풍,화풍전등,화풍등전,화전풍등,화전등풍,화등풍전,화등전풍
허례허식,허례식허,허허례식,허허식례,허식례허,허식허례,례허허식,례허식허,례허허식,례허식허,례식허허,례식허허,허허례식,허허식례,허례허식,허례식허,허식허례,허식례허,식허례허,식허허례,식례허허,식례허허,식허허례,식허례허
호의호식,호의식호,호호의식,호호식의,호식의호,호식호의,의호호식,의호식호,의호호식,의호식호,의식호호,의식호호,호호의식,호호식의,호의호식,호의식호,호식호의,호식의호,식호의호,식호호의,식의호호,식의호호,식호호의,식호의호
환골탈태,환골태탈,환탈골태,환탈태골,환태골탈,환태탈골,골환탈태,골환태탈,골탈환태,골탈태환,골태환탈,골태탈환,탈환골태,탈환태골,탈골환태,탈골태환,탈태환골,탈태골환,태환골탈,태환탈골,태골환탈,태골탈환,태탈환골,태탈골환
후회막급,후회급막,후막회급,후막급회,후급회막,후급막회,회후막급,회후급막,회막후급,회막급후,회급후막,회급막후,막후회급,막후급회,막회후급,막회급후,막급후회,막급회후,급후회막,급후막회,급회후막,급회막후,급막후회,급막회후
각골지통,각골통지,각지골통,각지통골,각통골지,각통지골,골각지통,골각통지,골지각통,골지통각,골통각지,골통지각,지각골통,지각통골,지골각통,지골통각,지통각골,지통골각,통각골지,통각지골,통골각지,통골지각,통지각골,통지골각
강구연월,강구월연,강연구월,강연월구,강월구연,강월연구,구강연월,구강월연,구연강월,구연월강,구월강연,구월연강,연강구월,연강월구,연구강월,연구월강,연월강구,연월구강,월강구연,월강연구,월구강연,월구연강,월연강구,월연구강
개과불린,개과린불,개불과린,개불린과,개린과불,개린불과,과개불린,과개린불,과불개린,과불린개,과린개불,과린불개,불개과린,불개린과,불과개린,불과린개,불린개과,불린과개,린개과불,린개불과,린과개불,린과불개,린불개과,린불과개
거일반삼,거일삼반,거반일삼,거반삼일,거삼일반,거삼반일,일거반삼,일거삼반,일반거삼,일반삼거,일삼거반,일삼반거,반거일삼,반거삼일,반일거삼,반일삼거,반삼거일,반삼일거,삼거일반,삼거반일,삼일거반,삼일반거,삼반거일,삼반일거
격화소양,격화양소,격소화양,격소양화,격양화소,격양소화,화격소양,화격양소,화소격양,화소양격,화양격소,화양소격,소격화양,소격양화,소화격양,소화양격,소양격화,소양화격,양격화소,양격소화,양화격소,양화소격,양소격화,양소화격
경당문노,경당노문,경문당노,경문노당,경노당문,경노문당,당경문노,당경노문,당문경노,당문노경,당노경문,당노문경,문경당노,문경노당,문당경노,문당노경,문노경당,문노당경,노경당문,노경문당,노당경문,노당문경,노문경당,노문당경
계명구도,계명도구,계구명도,계구도명,계도명구,계도구명,명계구도,명계도구,명구계도,명구도계,명도계구,명도구계,구계명도,구계도명,구명계도,구명도계,구도계명,구도명계,도계명구,도계구명,도명계구,도명구계,도구계명,도구명계
