一毛不拔,zdic解释
掩耳盜鈴,偷铃铛怕别人听见而捂住自己的耳朵||比喻自己欺骗自己，明明掩盖不住的事情偏要想法子掩盖
囫圇吞棗,把枣整个咽下去，不加咀嚼，不辨滋味||比喻对事物不加分析思考
朝三暮四,原指玩弄手法欺骗人||后用来比喻常常变卦，反复无常
竭澤而漁,掏干了水塘捉鱼||比喻取之不留余地，只图眼前利益，不作长远打算||也形容反动派对人民的残酷剥削
舉一反三,比喻从一件事情类推而知道其他许多事情
青出於藍,青是从蓝草里提炼出来的，但颜色比蓝更深||比喻学生超过老师或后人胜过前人
含沙射影,传说一种叫蜮的动物，在水中含沙喷射人的影子，使人生病||比喻暗中攻击或陷害人
草木皆兵,把山上的草木都当做敌兵||形容人在惊慌时疑神疑鬼
東窗事發,比喻阴谋已败露
勢如破竹,形势就象劈竹子，头上几节破开以后，下面各节顺着刀势就分开了||比喻节节胜利，毫无阻碍
滄海桑田,大海变成桑田，桑田变成大海||比喻世事变化很大
夜郎自大,比喻人无知而又狂妄自大
信口雌黃,古人用黄纸写字，写错了，用雌黄涂抹后改写||比喻不顾事实，随口乱说
作法自斃,自己立法反而使自己受害||泛指自做自受
杞人憂天,杞国有个人怕天塌下来||比喻不必要的或缺乏根据的忧虑和担心
不學無術,原指没有学问因而没有办法||现指没有学问，没有本领
走馬看花,骑在奔跑的马上看花||原形容事情如意，心境愉快||后多指大略地观察一下
杯弓蛇影,将映在酒杯里的弓影误认为蛇||比喻因疑神疑鬼而引起恐惧
東山再起,指再度出任要职||也比喻失势之后又重新得势
樂不思蜀,很快乐，不思念蜀国||比喻在新环境中得到乐趣，不再想回到原来环境中去
濫竽充數,不会吹竽的人混在吹竽的队伍里充数||比喻无本领的冒充有本领，次货冒充好货
功虧一簣,堆九仞高的山，只缺一筐土而不能完成||比喻作事情只差最后一点没能完成
入木三分,相传王羲之在木板上写字，木工刻时，发现字迹透入木板三分深||形容书法极有笔力||现多比喻分析问题很深刻
螳臂當車,螳螂举起前肢企图阻挡车子前进||比喻做力量做不到的事情，必然失败
咄咄逼人,形容气势汹汹，盛气凌人，使人难堪||也指形势发展迅速，给人压力
出類拔萃,超出同类之上||多指人的品德才能
一竅不通,没有一窍是贯通的||比喻一点儿也不懂
吹毛求疵,吹开皮上的毛寻疤痕||比喻故意挑剔别人的缺点，寻找差错
孤注一擲,把所有的钱一次押上去，决一输赢||比喻在危急时用尽所有力量作最后一次冒险
滄海一粟,大海里的一粒谷子||比喻非常渺小
痛心疾首,形容痛恨到了极点
扶搖直上,形容上升很快||比喻仕途得意
風聲鶴唳,形容惊慌失措，或自相惊忧
老當益壯,年纪虽老而志气更旺盛，干劲更足
未雨綢繆,天还没有下雨，先把门窗绑牢||比喻事先做好准备工作
不共戴天,不愿和仇敌在一个天底下并存||形容仇恨极深
剛愎自用,十分固执自信，不考虑别人的意见
出爾反爾,原意是你怎样做，就会得到怎样的后果||现指人的言行反复无常，前后自相矛盾
目不識丁,连最普通的“丁”字也不认识||形容一个字也不认得
百折不撓,比喻意志坚强，无论受到多少次挫折，毫不动摇退缩
拾人牙慧,比喻拾取别人的一言半语当作自己的话
耳濡目染,耳朵经常听到，眼睛经常看到，不知不觉地受到影响
杯水車薪,用一杯水去救一车着了火的柴草||比喻力量太小，解决不了问题
車載斗量,用车载，用斗量||形容数量很多，不足为奇
燃眉之急,火烧眉毛那样紧急||形容事情非常急迫
言不由衷,话不是打心眼里说出来的，即说的不是真心话||指心口不一致
不倫不類,既非这一类，又非那一类，形容不成样子或没有道理
虎頭蛇尾,头大如虎，尾细如蛇||比喻开始时声势很大，到后来劲头很小，有始无终
空中樓閣,悬在半空中的阁楼||比喻虚幻的事物或脱离实际的空想
天經地義,天地间历久不变的常道||指绝对正确，不能改变的道理||也指理所当然的事
心猿意馬,心意好像猴子跳、马奔跑一样控制不住||形容心里东想西想，安静不下来
群策群力,指发挥集体的作用，大家一起来想办法，贡献力量
有備無患,事先有准备，就可以避免祸患
裹足不前,停步不前，好像脚被缠住了一样
戰戰兢兢,形容非常害怕而微微发抖的样子||也形容小心谨慎的样子
借花獻佛,比喻用别人的东西做人情
故步自封,比喻守着老一套，不求进步
笑裡藏刀,形容对人外表和气，却阴险毒辣
水到渠成,水流到的地方自然形成一条水道||比喻条件成熟，事情自然会成功
芒刺在背,象有芒和刺扎在背上一样||形容内心惶恐，坐立不安
開門見山,打开门就能看见山||比喻说话或写文章直截了当谈本题，不拐弯抹角
土崩瓦解,象土崩塌，瓦破碎一样，不可收拾||比喻彻底垮台
東施效顰,比喻胡乱模仿，效果极坏
從善如流,形容能迅速地接受别人的好意见
袖手旁觀,把手笼在袖子里，在一旁观看||比喻置身事外，既不过问，也不协助别人
因勢利導,顺着事情发展的趋势，加以引导
畏首畏尾,前也怕，后也怕||比喻做事胆子小，顾虑多
名不虛傳,传出的名声不是虚假的||指实在很好，不是空有虚名
喪心病狂,丧失理智，象发了疯一样||形容言行昏乱而荒谬，或残忍可恶到了极点
見異思遷,看见另一个事物就想改变原来的主意||指意志不坚定，喜爱不专一
明察秋毫,原形容人目光敏锐，任何细小的事物都能看得很清楚||后多形容人能洞察事理
作威作福,原意是只有君王才能独揽权威，行赏行罚||后泛指凭借职位，滥用权力
兩袖清風,衣袖中除清风外，别无所有||比喻做官廉洁||也比喻穷得一无所有
明目張膽,原指有胆识，敢做敢为||后形容公开放肆地干坏事
肝膽相照,比喻以真心相见
民不聊生,指老百姓无以为生，活不下去
明哲保身,明智的人善于保全自己||现指因怕连累自己而回避原则斗争的处世态度
妄自菲薄,过分看轻自己||形容自卑
泥牛入海,泥塑的牛掉到海里||比喻一去不再回来
休戚相關,忧喜、福祸彼此相关联||形容关系密切，利害相关
重整旗鼓,比喻失败之后，整顿力量，准备再干
脣亡齒寒,嘴唇没有了，牙齿就会感到寒冷||比喻利害密要相关
文過飾非,用漂亮的言词掩饰自己的过失和错误
別出心裁,另有一种构思或设计||指想出的办法与众不同
大公無私,指办事公正，没有私心||现多指从集体利益出发，毫无个人打算
落井下石,看见人要掉进陷井里，不伸手救他，反而推他下去，又扔下石头||比喻乘人有危难时加以陷害
臨渴掘井,到口渴才掘井||比喻事先没有准备，临时才想办法
八面玲瓏,本指窗户明亮轩敞||后用来形容人处世圆滑，待人接物面面俱到
一揮而就,一动笔就写成了||形容写字、写文章、画画快
一意孤行,指不接受别人的劝告，顽固地按照自己的主观想法去做
汗牛充棟,书运输时牛累得出汗，存放时可堆至屋顶||形容藏书非常多
仰人鼻息,依赖别人的呼吸来生活||比喻依赖别人，不能自主
乳臭未乾,身上的奶腥气还没有退尽||对年轻人表示轻蔑的说法
開門揖盜,开门请强盗进来||比喻引进坏人，招来祸患
危如累卵,比喻形势非常危险，如同堆起来的蛋，随时都有塌下打碎的可能
得意忘形,形容高兴得失去了常态
三令五申,多次命令和告诫
短兵相接,指近距离搏斗||比喻面对面地进行激烈的斗争
按部就班,按照一定的步骤、顺序进行||也指按老规矩办事，缺乏创新精神
錦上添花,在锦上再绣花||比喻好上加好，美上添美
得隴望蜀,已经取得陇右，还想攻取西蜀||比喻贪得无厌
沾沾自喜,形容自以为不错而得意的样子
毛遂自薦,毛遂自我推荐||比喻自告奋勇，自己推荐自己担任某项工作
外強中乾,形容外表强壮，内里空虚
井井有條,形容说话办事有条有理
六神無主,形容惊慌着急，没了主意，不知如何才好
本末倒置,比喻把主次、轻重的位置弄颠倒了
良莠不齊,好人坏人都有，混杂在一起
水乳交融,象水和乳汁融合在一起||比喻感情很融洽或结合十分紧密
夜以繼日,晚上连着白天||形容加紧工作或学习
防微杜漸,比喻在坏事情坏思想萌芽的时候就加以制止，不让它发展
岌岌可危,形容非常危险，快要倾覆或灭亡
沽名釣譽,用某种不正当的手段捞取名誉
以訛傳訛,指把本来就不正确的话又错误地传出去，越传越错
一落千丈,原指琴声陡然降落||后用来形容声誉、地位或经济状况急剧下降
一針見血,比喻说话直截了当，切中要害
萬籟俱寂,形容周围环境非常安静，一点儿声响都没有
笑容可掬,形容笑容满面
揮金如土,把钱财当成泥土一样挥霍||形容极端挥霍浪费
嗤之以鼻,用鼻子吭声冷笑||表示轻蔑
急流勇退,在急流中勇敢地立即退却||比喻做官的人在得意时为了避祸而及时引退
赴湯蹈火,沸水敢蹚，烈火敢踏||比喻不避艰险，奋勇向前
包藏禍心,心里怀着害人的恶意
旗鼓相當,比喻双方力量不相上下
樂不可支,快乐到不能撑持的地步||形容欣喜到极点
分道揚鑣,分路而行||比喻目标不同，各走各的路或各干各的事
曇花一現,比喻美好的事物或景象出现了一下，很快就消失
目中無人,眼里没有别人||形容骄傲自大，看不起人
春風得意,旧时形容考中进士后的兴奋心情||后形容职位升迁顺利
難兄難弟,指共过患难的人或彼此处于同样困境的人
海闊天空,象大海一样辽阔，象天空一样无边无际||形容大自然的广阔||比喻言谈议论等漫无边际，没有中心
偷天換日,比喻暗中改变事物的真相，以达到蒙混欺骗的目的
孤芳自賞,把自己比做仅有的香花而自我欣赏||比喻自命清高
坐以待斃,坐着等死||形容在极端困难中，不积极想办法找出路
一舉兩得,做一件事得到两方面的好处
守口如瓶,闭口不谈，象瓶口塞紧了一般||形容说话谨慎，严守秘密
自投羅網,自己投到罗网里去||比喻自己送死
人面獸心,面貌虽然是人，但心肠象野兽一样凶狠||形容为人凶残卑鄙
忘恩負義,忘记别人对自己的好处，反而做出对不起别人的事
川流不息,形容行人、车马等象水流一样连续不断
天涯海角,形容极远的地方，或相隔极远
九死一生,形容经历很大危险而幸存||也形容处在生死关头，情况十分危急
如數家珍,好像数自己家藏的珍宝那样清楚||比喻对所讲的事情十分熟悉
情不自禁,感情激动得不能控制||强调完全被某种感情所支配
想入非非,想到非常玄妙虚幻的地方去了||形容完全脱离现实地胡思乱想
鬼鬼祟祟,指行动偷偷摸摸，不光明正大
置若罔聞,放在一边，好像没有听见似的||指不予理睬
捕風捉影,风和影子都是抓不着的||比喻说话做事丝毫没有事实根据
義不容辭,道义上不允许推辞
異想天開,指想法很不切实际，非常奇怪
當仁不讓,原指以仁为任，无所谦让||后指遇到应该做的事就积极主动去做，不推让
恍然大悟,形容一下子明白过来
穿鑿附會,把讲不通的或不相干的道理、事情硬扯在一起进行解释
敷衍塞責,指工作不认真负责，表面应付了事
暗箭傷人,放冷箭伤害人||比喻暗地里用某种手段伤害人
隨波逐流,随着波浪起伏，跟着流水漂荡||比喻没有坚定的立场，缺乏判断是非的能力，只能随着别人走
暴跳如雷,急怒叫跳，象打雷一样猛烈||形容又急又怒，大发脾气的样子
優柔寡斷,指做事犹豫，缺乏决断
聲色俱厲,说话时声音和脸色都很严厉
華而不實,花开得好看，但不结果实||比喻外表好看，内容空虚
利令智昏,因贪图私利而失去理智，把什么都忘了
置之度外,放在考虑之外||指不把个人的生死利害等放在心上
不修邊幅,形容不讲究衣饰仪容或不拘形式小节
手無寸鐵,手里没有任何武器
玉石俱焚,美玉和石头一样烧坏||比喻好坏不分，同归于尽
一手遮天,一只手把天遮住||形容依仗权势，玩弄手段，蒙蔽群众
七手八腳,形容人多手杂，动作纷乱
一觸即發,原指把箭扣在弦上，拉开弓等着射出去||比喻事态发展到了十分紧张的阶段，稍一触动就立即会爆发
心悅誠服,由衷地高兴，真心地服气||指真心地服气或服从
改弦易轍,琴换弦，车改道||比喻改变原来的方向、计划、办法等
兵連禍結,战争接连不断，带来了无穷的灾祸
出神入化,极其高超的境界||形容文学艺术达到极高的成就
居心叵測,指存心险恶，不可推测
千方百計,想尽或用尽一切办法
一帆風順,船挂着满帆顺风行驶||比喻非常顺利，没有任何阻碍
大惑不解,感到非常迷惑，不能理解
金蟬脫殼,蝉变为成虫时要脱去一层壳||比喻用计脱身，使人不能及时发觉
五花八門,原指五行阵和八门阵||这是古代两种战术变化很多的阵势||比喻变化多端或花样繁多
一貧如洗,穷得象用水洗过似的，什么都没有||形容十分贫穷
心安理得,自以为做的事情合乎道理，心里很坦然
道貌岸然,指神态严肃，一本正经的样子
飛揚跋扈,原指意态狂豪，不爱约束||现多形容骄横放肆，目中无人
苦口婆心,比喻善意而又耐心地劝导
比比皆是,到处都是，形容极其常见
顛沛流離,由于灾荒或战乱而流转离散||形容生活艰难，四处流浪
雷厲風行,象雷那样猛烈，象风那样快||比喻执行政策法令严厉迅速||也形容办事声势猛烈，行动迅速
十拿九穩,比喻很有把握
寡廉鮮恥,旧指不廉洁，不知耻||现指不知羞耻
模稜兩可,指不表示明确的态度，或没有明确的主张
充耳不聞,塞住耳朵不听||形容有意不听别人的意见
蠢蠢欲動,比喻敌人准备进攻或坏人阴谋捣乱
聽天由命,听任事态自然发展变化，不做主观努力||也比喻碰机会，该怎么样就怎么样
大腹便便,形容肥胖的样子
聲名狼藉,名声败坏到了极点
探囊取物,伸手到口袋里拿东西||比喻能够轻而易举地办成某件事情
處心積慮,形容蓄谋已久
呆若木雞,呆得象木头鸡一样||形容因恐惧或惊异而发愣的样子
以鄰為壑,拿邻国当做大水坑，把本国的洪水排泄到那里去||比喻只图自己一方的利益，把困难或祸害转嫁给别人
言簡意賅,话不多，但意思都有了||形容说话写文章简明扼要
積重難返,经过长时间形成的思想作风或习惯，很难改变
標新立異,提出新奇的主张，表示与众不同
來龍去脈,本指山脉的走势和去向||现比喻一件事的前因后果
櫛風沐雨,风梳发，雨洗头||形容人经常在外面不顾风雨地辛苦奔波
所向披靡,比喻力量所达到的地方，一切障碍全被扫除
海底撈針,在大海里捞一根针||形容很难找到
栩栩如生,指艺术形象非常逼真，如同活的一样
惡貫滿盈,罪恶之多，犹如穿线一般已穿满一根绳子||形容罪大恶极，到受惩罚的时候了
朝秦暮楚,比喻人反复无常
斬草除根,除草时要连根除掉，使草不能再长||比喻除去祸根，以免后患
喜出望外,由于没有想到的好事而非常高兴
花言巧語,原指铺张修饰、内容空泛的言语或文辞||后多指用来骗人的虚伪动听的话
垂頭喪氣,形容因失败或不顺利而情绪低落、萎蘼不振的样子
流連忘返,玩乐时留恋不愿离开||留恋得忘记了回去
隨機應變,随着情况的变化灵活机动地应付
分庭抗禮,原指宾主相见，分站在庭的两边，相对行礼||现比喻平起平坐，彼此对等的关系
應接不暇,原形容景物繁多，来不及观赏||后多形容来人或事情太多，应付不过来
鞠躬盡瘁,指恭敬谨慎，竭尽心力
愛莫能助,虽然心中关切同情，却没有力量帮助
洗耳恭聽,洗干净耳朵恭恭敬敬听别人讲话||请人讲话时的客气话||指专心地听
不勝枚舉,不能一个个地列举出来||形容数量很多
不知所措,不知道怎么办才好||形容处境为难或心神慌乱
美不勝收,美好的东西很多，一时看不过来
絕無僅有,只有一个，再没有别的||形容非常少有
另眼相看,用另一种眼光看待||指看待某个人不同一般||也指不被重视的人得到重视
隔岸觀火,隔着河看人家着火||比喻对别人的危难不去求助，在一旁看热闹
雷霆萬鈞,形容威力极大，无法阻挡
巧奪天工,人工的精巧胜过天然||形容技艺十分巧妙
萬紫千紅,形容百花齐放，色彩艳丽||也比喻事物丰富多彩
當機立斷,在紧要时刻立即做出决断
綽綽有餘,形容房屋或钱财非常宽裕，用不完
放蕩不羈,放纵任性，不加检点，不受约束
漫不經心,随随便便，不放在心上
咎由自取,灾祸或罪过是自己招来的||指自作自受
醉生夢死,象喝醉酒和做梦那样，昏昏沉沉，糊里糊涂地过日子
豁然貫通,指一下了弄通了某个道理
夙興夜寐,早起晚睡||形容勤奋
鉤心鬥角,原指宫室建筑结构的交错和精巧||后比喻用尽心机，明争暗斗
顛撲不破,无论怎样摔打都破不了||比喻理论学说完全正确，不会被驳倒推翻
聲淚俱下,一边说一边哭||形容极其悲恸
老奸巨猾,指非常阴险狡诈的人
汗馬功勞,指在战场上建立战功||现指辛勤工作做出的贡献
千載一時,一千年才有这么一个时机||形容机会极其难得
光明磊落,胸怀坦白，正大光明
同病相憐,比喻因有同样的遭遇或痛苦而互相同情
生龍活虎,形容活泼矫健，富有生气
同床異夢,原指夫妇生活在一起，但感情不和||比喻同做一件事而心里各有各的打算
出其不意,趁对方没有意料到就采取行动
不知所云,不知道说得是些么||形容说话内容混乱，无法理解
不言而喻,不用说话就能明白||形容道理很明显
不苟言笑,不随便说笑||形容态度庄重严肃
大驚小怪,形容对没有什么了不起的的事情过分惊讶
手足無措,手脚不知放到哪儿好||形容举动慌张，或无法应付
屈指可數,形容数目很少，扳着手指头就能数过来
眉飛色舞,形容人得意兴奋的样子
洗心革面,清除旧思想，改变旧面貌||比喻彻底悔改
飛黃騰達,形容骏马奔腾飞驰||比喻骤然得志，官职升得很快
紙醉金迷,原意是让闪光的金纸把人弄迷糊了||形容叫人沉迷的奢侈繁华环境
烏合之眾,象暂时聚合的一群乌鸦||比喻临时杂凑的、毫无组织纪律的一群人
逆來順受,指对恶劣的环境或无礼的待遇采取顺从和忍受的态度
啞口無言,象哑巴一样说不出话来||形容理屈词穷的样子
等量齊觀,指对有差别的事物同等看待
荒謬絕倫,没有比这更荒唐更不合情理的了
深惡痛絕,极其厌恶、痛恨
殊途同歸,通过不同的途径，到达同一个目的地||比喻采取不同的方法而得到相同的结果
千變萬化,形容变化极多
得不償失,所得的利益抵偿不了所受的损失
冥頑不靈,形容愚昧无知
望洋興嘆,仰望海神而兴叹||原指在伟大事物面前感叹自己的渺小||现多比喻做事时因力不胜任或没有条件而感到无可奈何
嬌生慣養,从小就被溺爱、娇养惯了
養精蓄銳,保养精神，积蓄力量
陽奉陰違,指玩弄两面派手法，表面上遵从，暗地里违背
懷才不遇,胸怀才学但生不逢时，难以施展||多指屈居微贱而不得志
連篇累牘,形容篇幅过多，文辞冗长
並駕齊驅,并排套着的几匹马一齐快跑||比喻彼此的力量或才能不分高下
起死回生,把快要死的人救活||形容医术高明||也比喻把已经没有希望的事物挽救过来
大名鼎鼎,形容名气很大
大智若愚,某些才智出众的人不露锋芒，看来好像愚笨
錦囊妙計,旧小说里描写足智多谋的人把对付敌方的计策写在纸条上，放在锦囊里，以便当事人在紧急时拆阅||比喻有准备的巧妙办法
一目了然,一眼就看得很清楚
五光十色,形容色彩鲜艳，花样繁多
年高德劭,年纪大，品德好
快馬加鞭,跑得很快的马再加上一鞭子，使马跑得更快||比喻快上加快，加速前进
志同道合,志趣相同，意见一致
冷言冷語,带讥讽意味的冷冰冰的话
流言蜚語,毫无根据的话||指背后散布的诽谤性的坏话
殺人越貨,害人性命，抢人东西||指盗匪的行为
銳不可當,形容勇往直前的气势，不可抵挡
錙銖必較,形容非常小气，很少的钱也一定要计较||也比喻气量狭小，很小的事也要计较
苦心孤詣,指苦心钻研，到了别人所达不到的地步||也指为寻求解决问题的办法而煞费苦心
刻骨銘心,铭刻在心灵深处||形容记忆深刻，永远不忘
深謀遠慮,指计划得很周密，考虑得很长远
魂不附體,灵魂离开了身体||形容极端惊恐或在某种事物诱惑下失去常态
入不敷出,收入不够支出
十全十美,十分完美，毫无欠缺
人山人海,人群如山似海||形容人聚集得非常多
無微不至,没有一处细微的地方不照顾到||形容关怀、照顾得非常细心周到
不遺餘力,把全部力量都使出来，一点不保留
心平氣和,心情平静，态度温和||指不急躁，不生气
心血來潮,指心里突然或偶然起了一个念头
隨遇而安,指能顺应环境，在任何境遇中都能满足
神通廣大,法术广大无边||形容本领高超，无所不能
孤苦伶仃,孤单困苦，没有依靠
名不副實,名声或名义和实际不相符||指空有虚名
爾虞我詐,表示彼此互相欺骗
義正辭嚴,理由正当充足，措词严正有力
改邪歸正,从邪路上回到正路上来，不再做坏事
顧此失彼,顾了这个，丢了那个||形容忙乱或慌张的情景
言聽計從,什么话都听从，什么主意都采纳||形容对某人十分信任
困獸猶鬥,被围困的野兽还要作最后挣扎||比喻在绝境中还要挣扎抵抗
迥然不同,形容相差得远，很明显不一样
如出一轍,好像出自同一个车辙||比喻两件事情非常相似
歡天喜地,形容非常高兴
循規蹈矩,原指遵守规矩，不敢违反||现也指拘守旧准则，不敢稍做变动
唯唯諾諾,形容自己没有主意，一味附和，恭顺听从的样子
孑然一身,孤孤单单一个人
氣壯山河,形容气概豪迈，使祖国山河因而更加壮丽
不同凡響,形容事物不平凡，很出色
骨瘦如柴,形容消瘦到极点
理直氣壯,理由充分，说话气势就壮
星羅棋布,像天空的星星和棋盘上的棋子那样分布着。||形容数量很多，分布很广。
依然故我,形容自己一切跟从前一样，没有变得更好
大庭廣眾,指聚集很多人的公开场合
鬼使神差,好像有鬼神在支使着一样，不自觉地做了原先没想到要做的事
粗枝大葉,绘画，画树木粗枝大叶，不用工笔||比喻工作粗糙，不认真细致
相得益彰,指两个人或两件事物互相配合，双方的能力和作用更能显示出来
心如刀割,内心痛苦得象刀割一样
心滿意足,形容心中非常满意
名列前茅,比喻名次列在前面
失魂落魄,形容惊慌忧虑、心神不定、行动失常的样子
粗茶淡飯,形容饮食简单，生活简朴
躍然紙上,活跃地呈现在纸上||形容文学作品叙述描写真实生动
見義勇為,看到正义的事，就勇敢地去做
形單影隻,只有自己的身体和自己的影子||形容孤独，没有同伴
養虎遺患,留着老虎不除掉，就会成为后患||比喻纵容坏人坏事，留下后患
憂心如焚,心里愁得像火烧一样||形容非常忧虑焦急
搜索枯腸,形容写作时苦思苦想
義無反顧,从道义上只有勇往直前，不能犹豫回顾
坐立不安,坐着也不是，站着也不是||形容心情紧张，情绪不安
紛至沓來,形容接连不断的到来
首屈一指,扳指头计算，首先弯下大拇指，表示第一||指居第一位||引申为最好的
形影不離,象形体和它的影子那样分不开||形容彼此关系亲密，经常在一起
一決雌雄,决一胜负，比个高下
厲兵秣馬,磨好兵器，喂好马||形容准备战斗
禍起蕭牆,指祸乱发生在家里||比喻内部发生祸乱
縱虎歸山,把老虎放回山去||比喻把坏人放回老巢，留下祸根
黨同伐異,指结帮分派，偏向同伙，打击不同意见的人
大喜過望,结果比原来希望的还好，因而感到特别高兴
響遏行雲,形容歌声嘹亮，高入云霄，连浮动着的云彩也被止住了
涇渭分明,泾河水清，渭河水浑，泾河的水流入渭河时，清浊不混||比喻界限清楚或是非分明
破釜沉舟,比喻下决心不顾一切地干到底
中庸之道,指不偏不倚，折中调和的处世态度
一丘之貉,一个土山里的貉||比喻彼此同是丑类，没有什么差别
班門弄斧,在鲁班门前舞弄斧子||比喻在行家面前卖弄本领，不自量力
水落石出,水落下去，水底的石头就露出来||比喻事情的真相完全显露出来
名落孫山,名字落在榜末孙山的后面||指考试或选拔没有录取
胸有成竹,原指画竹子要在心里有一幅竹子的形象||后比喻在做事之前已经拿定主意
指鹿為馬,指着鹿，说是马||比喻故意颠倒黑白，混淆是非
天衣無縫,神话传说，仙女的衣服没有衣缝||比喻事物周密完善，找不出什么毛病
江郎才盡,原指江淹少有文名，晚年诗文无佳句||比喻才情减退
口若懸河,讲起话来滔滔不绝，象瀑布不停地奔流倾泻||形容能说会辨，说起来没个完
驚弓之鳥,被弓箭吓怕了的鸟不容易安定||比喻经过惊吓的人碰到一点动静就非常害怕
一敗塗地,形容失败到了不可收拾的地步
投筆從戎,扔掉笔去参军||指文人从军
畫蛇添足,画蛇时给蛇添上脚||比喻做了多余的事，非但无益，反而不合适||也比喻虚构事实，无中生有
望梅止渴,原意是梅子酸，人想吃梅子就会流涎，因而止渴||后比喻愿望无法实现，用空想安慰自己
司空見慣,指某事常见，不足为奇
南轅北轍,想往南而车子却向北行||比喻行动和目的正好相反
狼狽為奸,狼和狈一同出外伤害牲畜，狼用前腿，狈用后腿，既跑得快，又能爬高||比喻互相勾结干坏事
狐假虎威,狐狸假借老虎的威势||比喻依仗别人的势力欺压人
為虎作倀,替老虎做伥鬼||比喻充当恶人的帮凶
如火如荼,像火那样红，像荼那样白||原比喻军容之盛||现用来形容大规模的行动气势旺盛，气氛热烈
老馬識途,老马认识路||比喻有经验的人对事情比较熟悉
一暴十寒,虽然是最容易生长的植物，晒一天，冻十天，也不可能生长||比喻学习或工作一时勤奋，一时又懒散，没有恒心
守株待兔,原比喻希图不经过努力而得到成功的侥幸心理||现也比喻死守狭隘经验，不知变通
四面楚歌,比喻陷入四面受敌、孤立无援的境地
奇貨可居,指把少有的货物囤积起来，等待高价出售||也比喻拿某种专长或独占的东西作为资本，等待时机，以捞取名利地位
刻舟求劍,比喻不懂事物已发展变化而仍静止地看问题
後來居上,后来的超过先前的||有以称赞后起之秀超过前辈
負荊請罪,背着荆条向对方请罪||表示向人认错赔罪
對牛彈琴,讥笑听话的人不懂对方说得是什么||用以讥笑说话的人不看对象
一鼓作氣,第一次击鼓时士气振奋||比喻趁劲头大的时候鼓起干劲，一口气把工作做完
紙上談兵,在纸面上谈论打仗||比喻空谈理论，不能解决实际问题||也比喻空谈不能成为现实
破鏡重圓,比喻夫妻失散或离婚后重新团聚
打草驚蛇,打草惊了草里的蛇||原比喻惩罚了甲而使乙有所警觉||后多比喻做法不谨慎，反使对方有所戒备
揠苗助長,把苗拔起，以助其生长||比喻违反事物发展的客观规律，急于求成，反而把事情弄糟
一鳴驚人,一叫就使人震惊||比喻平时没有突出的表现，一下子做出惊人的成绩
死灰復燃,冷灰重新烧了起来||原比喻失势的人重新得势||现常比喻已经消失了的恶势力又重新活动起来
出奇制勝,出奇兵战胜敌人||比喻用对方意料不到的方法取得胜利
食古不化,指对所学的古代知识理解得不深不透，不善于按现在的情况来运用，跟吃了东西不能消化一样
一日千里,原形容马跑得很快||后比喻进展极快
一諾千金,许下的一个诺言有千金的价值||比喻说话算数，极有信用
騎虎難下,骑在老虎背上不能下来||比喻做一件事情进行下去有困难，但情况又不允许中途停止，陷于进退两难的境地
投鼠忌器,想用东西打老鼠，又怕打坏了近旁的器物||比喻做事有顾忌，不敢放手干
坐井觀天,坐在井底看天||比喻眼界小，见识少
門可羅雀,大门之前可以张起网来捕麻雀||形容十分冷落，宾客稀少
攀龍附鳳,指巴结投靠有权势的人以获取富贵
易如反掌,象翻一下手掌那样容易||比喻事情非常容易做
膾炙人口,脍和炙都是人们爱吃的食物||指美味人人爱吃||比喻好的诗文受到人们的称赞和传颂
趾高氣揚,走路时脚抬得很高，神气十足||形容骄傲自满，得意忘形的样子
唾面自乾,别人往自己脸上吐唾沫，不擦掉而让它自干||形容受了污辱，极度容忍，不加反抗
推心置腹,把赤诚的心交给人家||比喻真心待人
病入膏肓,形容病情十分严重，无法医治||比喻事情到了无法挽救的地步
蕭規曹隨,萧何创立了规章制度，死后，曹参做了宰相，仍照着实行||比喻按照前任的成规办事
庸人自擾,指本来没事，自己找麻烦
緣木求魚,爬到树上去找鱼||比喻方向或办法不对头，不可能达到目的
雙管齊下,原指手握双笔同时作画||后比喻做一件事两个方面同时进行或两种方法同时使用
一言九鼎,一句话抵得上九鼎重||比喻说话力量大，能起很大作用
自相矛盾,比喻自己说话做事前后抵触
舉案齊眉,送饭时把托盘举得跟眉毛一样高||后形容夫妻互相尊敬
閉門造車,关起门来造车子||比喻脱离实际，只凭主观办事
歧路亡羊,因岔路太多无法追寻而丢失了羊||比喻事物复杂多变，没有正确的方向就会误入歧途
車水馬龍,车象流水，马象游龙||形容来往车马很多，连续不断的热闹情景
先發制人,原指丢动手的牌主动地位，可以控制对方||后也泛指争取主动，先动手来制服对方
洛陽紙貴,比喻著作有价值，流传广
孤陋寡聞,形容学识浅陋，见闻不广
滿腹經綸,形容人极有才干和智谋
飲鴆止渴,喝毒酒解渴||比喻用错误的办法来解决眼前的困难而不顾严重后果
退避三舍,主动退让九十里||比喻退让和回避，避免冲突
世外桃源,原指与现实社会隔绝、生活安乐的理想境界||后也指环境幽静生活安逸的地方||借指一种空想的脱离现实斗争的美好世界
水深火熱,老百姓所受的灾难，象水那样越来越深，象火那样越来越热||比喻人民生活极端痛苦
假公濟私,假借公家的名义，谋取私人的利益
孤掌難鳴,一个巴掌拍不响||比喻力量孤单，难以成事
偃旗息鼓,放倒旗子，停止敲鼓||原指行军时隐蔽行踪，不让敌人觉察||现比喻事情终止或声势减弱
妄自尊大,过高地看待自己||形容狂妄自大，不把别人放眼里
得心應手,心里怎么想，手就能怎么做||比喻技艺纯熟或做事情非常顺利
乘風破浪,船只乘着风势破浪前进||比喻排除困难，奋勇前进
滿城風雨,城里到处刮风下雨||原形容重阳节前的雨景||后比喻某一事件传播很广，到处议论纷纷
敝帚自珍,把自己家里的破扫帚当成宝贝||比喻东西虽然不好，自己却很珍惜
兔死狗烹,兔子死了，猎狗就被人烹食||比喻给统治者效劳的人事成后被抛弃或杀掉
拋磚引玉,抛出砖去，引回玉来||比喻用自己不成熟的意见或作品引出别人更好的意见或好作品
門庭若市,门前和院子里人很多，象市场一样||原形容进谏的人很多||现形容来的人很多，非常热闹
殺身成仁,指为正义而牺牲生命||后泛指为了维护正义事业而舍弃自己的生命
一視同仁,原指圣人对百姓一样看待，同施仁爱||后多表示对人同样看待，不分厚薄
雪中送炭,在下雪天给人送炭取暖||比喻在别人急需时给以物质上或精神上的帮助
甘拜下風,表示真心佩服，自认不如
無地自容,没有地方可以让自己容身||形容非常羞愧
過河拆橋,自己过了河，便把桥拆掉||比喻达到目的后，就把帮助过自己的人一脚踢开
前倨後恭,以前傲慢，后来恭敬||形容对人的态度改变
弄巧成拙,本想耍弄聪明，结果做了蠢事
噤若寒蟬,象深秋的蝉那样一声不吭||比喻因害怕有所顾虑而不敢说话
瓜田李下,比喻容易引起嫌疑的场合
望塵莫及,望见前面骑马的人走过扬起的尘土而不能赶上||比喻远远落在后面
半途而廢,指做事不能坚持到底，中途停顿，有始无终
一籌莫展,一点计策也施展不出，一点办法也想不出来
抱薪救火,抱着柴草去救火||比喻用错误的方法去消除灾祸，结果使灾祸反而扩大
大器晚成,指能担当重任的人物要经过长期的锻炼，所以成就较晚||也用做对长期不得志的人的安慰话
莫逆之交,指非常要好的朋友
按圖索驥,按照画像去寻求好马||比喻墨守成规办事||也比喻按照线索去寻求
強弩之末,强弩所发的矢，飞行已达末程||比喻强大的力量已经衰弱，起不了什么作用
一網打盡,比喻一个不漏地全部抓住或彻底肃清
蜀犬吠日,原意是四川多雨，那里的狗不常见太阳，出太阳就要叫||比喻少见多怪
曲突徙薪,把烟囱改建成弯的，把灶旁的柴草搬走||比喻事先采取措施，才能防止灾祸
矯枉過正,把弯的东西扳正，又歪到了另一边||比喻纠正错误超过了应有的限度
吳牛喘月,吴地水牛见月疑是日，因惧怕酷热而不断喘气||比喻因疑心而害怕
居安思危,虽然处在平安的环境里，也想到有出现危险的可能||指随时有应付意外事件的思想准备
賓至如歸,客人到这里就象回到自己家里一样||形容招待客人热情周到
不恥下問,乐于向学问或地位比自己低的人学习，而不觉得不好意思
不可救藥,病已重到无法用药医治的程度||比喻已经到了无法挽救的地步
河東獅吼,比喻悍妒的妻子对丈夫大吵大闹
手舞足蹈,两手舞动，两只脚也跳了起来||形容高兴到了极点||也手乱舞、脚乱跳的狂态
愛屋及烏,因为爱一个人而连带爱他屋上的乌鸦||比喻爱一个人而连带地关心到与他有关的人或物
不脛而走,没有腿却能跑||比喻事物无需推行，就已迅速地传播开去
大義滅親,为了维护正义，对犯罪的亲属不循私情，使受到应得的惩罚
越俎代庖,主祭的人跨过礼器去代替厨师办席||比喻超出自己业务范围去处理别人所管的事
水滴石穿,水不停地滴，石头也能被滴穿||比喻只要有恒心，不断努力，事情就一定能成功
炙手可熱,手摸上去感到热得烫人||比喻权势大，气焰盛，使人不敢接近
因噎廢食,原意是说，因为有人吃饭噎死了，就想让天下人都不吃饭，这太荒谬了||比喻要做的事情由于出了点小毛病或怕出问题就索性不去干
草菅人命,把人命看作野草||指任意残害人命
排難解紛,原指为人排除危难，解决纠纷||今指调停双方争执
如魚得水,好像鱼得到水一样||比喻有所凭借||也比喻得到跟自己十分投合的人或对自己很合适的环境
流芳百世,好的名声永远流传下去
眾志成城,万众一心，象坚固的城墙一样不可摧毁||比喻团结一致，力量无比强大
管中窺豹,从竹管的小孔里看豹，只看到豹身上的一块斑纹||比喻只看到事物的一部分，指所见不全面或略有所得
南柯一夢,形容一场大梦，或比喻一场空欢喜
沽名吊譽,指用某种不正当的手段捞取名誉
沽名邀譽,指用某种不正当的手段捞取名誉
物極必返,事物发展到极点，会向相反方向转化
變風改俗,指改变旧的风气和习俗
變起蕭牆,禍變發生在內部
怙惡不改,坚持作恶，不肯悔改
巷議街談,大街小巷间人们的议论
草廬三顧,刘备为请诸葛亮，三次到草庐中去拜访他||后用此典故表示帝王对臣下的知遇之恩||也比喻诚心诚意地邀请或过访
按兵不舉,犹按兵不动
赴湯投火,沸水敢蹚，烈火敢踏。||比喻不避艰险，奋勇向前。
指日而待,指不久即可实现
鴉雀無聞,连乌鸦麻雀的声音都没有||形容非常静
鴉鵲無聲,形容非常静
指桑說槐,比喻明指此而暗骂彼
標新取異,新的獨到見解，與諸家立論不同
枯木死灰,身如枯木，心如死灰||比喻极其消极悲观
赴湯跳火,沸水敢蹚，烈火敢踏。||比喻不避艰险，奋勇向前。
相得恨晚,认识太晚了
星眸皓齒,明亮的眼睛，潔白的牙齒。||形容女子容貌明麗
背生芒刺,犹言芒刺在背
臨深履冰,面临深渊，脚踩薄冰。||比喻小心谨慎，惟恐有失。
臨渴穿井,临到口渴时才想到凿井||比喻事到临头才想办法
指鹿作馬,比喻有意颠倒黑白，混淆是非
怨聲盈路,道路上到處充滿了埋怨的聲音。||形容群眾普遍的怨恨和不滿
膽驚心戰,形容十分驚慌害怕
盈篇累牘,形容文辞冗长
信口開喝,比喻随口乱说一气
膽顫心驚,形容非常害怕
膽驚心顫,形容十分驚慌害怕
怨聲載路,道路上到處充滿了埋怨的聲音。||形容群眾普遍的怨恨和不滿
說梅止渴,比喻愿望无法实现，用空想安慰自己
惱羞變怒,由于羞愧到了极点，下不了台而发怒
哀鴻遍地,比喻啼饥号寒的灾民||比喻在天灾人祸中到处都是流离失所、呻吟呼号的饥民
逆耳忠言,誠懇正直的規勸往往刺耳，而不易被人接受
逆行倒施,犹言倒行逆施||原指做事违反常理，不择手段||现多指所作所为违背时代潮流或人民意愿
前功盡滅,以前取得的功劳全部丢掉了
前功皆棄,以前取得的功劳全部丢掉了
養虎留患,比喻纵容敌人，自留后患
神機妙用,指神奇的謀略，巧妙的算計。||形容計策高明、預料準確
前倨後卑,先傲慢后恭顺
神術妙法,指神奇的謀略，巧妙的算計。||形容計策高明、預料準確
屋下蓋屋,比喻机构或文章结构重叠。
神謀妙策,指神奇的謀略，巧妙的算計。||形容計策高明、預料準確
神術妙策,指神奇的謀略，巧妙的算計。||形容計策高明、預料準確
神機妙術,指神奇的謀略，巧妙的算計。||形容計策高明、預料準確
駱驛不絕,犹言络绎不绝
眉歡眼笑,形容非常兴奋、高兴
矜矜業業,形容戒慎恐懼，認真負責的樣子
柔懦寡斷,指软弱面不果断
退徙三舍,指作戰時，將部隊往後撤退九十里
洞如觀火,形容观察事物非常清楚，好像看火一样
秦庭朗鏡,传说 秦始皇 有镜，能照见人肠胃五脏等||见《西京杂记》卷三||后因以“秦庭朗镜”比喻明于审案的官吏||《初刻拍案惊奇》卷十一：“负屈寒儒，得遇 秦 庭朗镜||行凶诡计，难逃 萧相 明条||”
泰來否往,逆境达到极点，就会向顺境转化||指坏运到了头好运就来了
絡驛不絕,形容行人车马来来往往，接连不断。
捕風弄月,風和影子均無可捉摸，比喻所做的事或所說的話毫無根據，憑空揣測
捕影拿風,風和影子均無可捉摸，比喻所做的事或所說的話毫無根據，憑空揣測
惡稔禍盈,意思是罪恶积蓄成熟，像钱串已满。||形容作恶多端，末日来临。
惡稔罪盈,意思是罪恶积蓄成熟，像钱串已满。||形容作恶多端，末日来临。
惡稔貫盈,意思是罪恶积蓄成熟，像钱串已满。||形容作恶多端，末日来临。
損本逐末,犹舍本逐末||谓抛弃根本，专在枝节上用功夫
恐後爭先,指害怕落后，追求上进
珠沉滄海,珍珠沉在大海里||比喻人才被埋没
莫逆之友,指非常要好或情投意合的朋友。
礪兵秣馬,指完成作戰準備
殊致同歸,比喻采取不同的方法而得到相同的结果
莫逆之契,莫逆之友 」指心意相投的朋友
殊方同致,犹殊途同归||比喻采取不同的方法而得到相同的结果
莫措手足,指手腳無處安放。||形容人惶恐不安，不知如何是好
破鏡重合,比喻夫妻失散或离婚后重新团聚||同“破镜重圆”
逢場作樂,犹言逢场作戏||偶尔随俗应酬凑凑热闹
倒屣而迎,因急著迎接客人，而將鞋子穿倒了
倒屣迎賓,因急著迎接客人，而將鞋子穿倒了
倒屐相迎,因急著迎接客人，而將鞋子穿倒了
透古通今,學問淵博，通曉古今
鐵打心腸,谓心肠像铁铸成的||形容人刚强的秉性
剖肝瀝膽,比喻开诚相待
益無忌憚,形容人恣意妄為，毫無顧忌
冤家路狹,指仇人或不愿意相见的人，偏偏容易碰见，来不及回避
袖手傍觀,形容置身事外，不予過問
病染膏肓,比喻事情到了无法挽救的地步
疾聲大呼,指大聲而急促的呼喊
塗炭生民,指人民生活陷於泥沼和炭火之中||形容人民處於極端艱苦的困境
流汗浹背,①形容出汗多，湿透了背上的衣服||②形容惭愧不安之极
流芳萬古,美名流傳後世、為人所稱頌
高枕不虞,形容身心安適，無憂無慮
高枕安臥,垫高枕头安心地睡觉||形容无忧无虑||平安无事
高節清風,气节高尚，作风清廉||比喻人品高洁
勒馬懸崖,臨到懸崖時，緊勒住馬，不繼續前進。||比喻到了危險的邊緣而及時回頭
高譚清論,本指見地高超、範圍廣闊地談論||比喻暢快而無拘束地談論。||或沒有實質內容，空泛而漫無邊際地談論。
通時達變,做理能适应客观情况的变化，懂得变通，不死守常规
蕭牆禍起,指祸乱发生在家里||比喻内部发生祸乱
萍水相遭,比喻兩個人本來不相識，因機緣巧合偶然相逢，同時亦指交情尚屬微淺
高枕勿憂,犹言高枕无忧
萍水相遇,比喻兩個人本來不相識，因機緣巧合偶然相逢，同時亦指交情尚屬微淺
夢裡南柯,後用「南柯一夢」比喻人生如夢，富貴得失無常
接應不暇,形容景物繁多，來不及觀賞
推心致腹,把赤诚的心交给人家||比喻真心待人
推誠布信,比喻誠意待人，坦白無私
推誠置腹,比喻真心待人||同“推心置腹”
展轉反側,形容因心事重重而翻來覆去睡不著覺
排患解紛,原指为人排除危难，解决纠纷||今指调停双方争执
釁起蕭牆,指祸乱发生在家里||比喻内部发生祸乱
銖銖校量,指斤斤计较
高枕無虞,形容身心安適，無憂無慮
逸以待勞,犹以逸待劳
釁發蕭牆,比喻事端或灾祸发生在内部
掩耳偷鈴,比喻自己欺骗自己
偃旗臥鼓,原指行军时隐蔽行踪，不让敌人觉察||现比喻事情终止或声势减弱
欲蓋而彰,犹欲盖弥彰
黃袍加體,比喻发动政变获得成功||同“黄袍加身”
得寸思尺,指可掌握侵略所得的每一分土地
惜香憐玉,憐香」，喜愛花香
驚弦之鳥,比喻经过惊吓的人碰到一点动静就非常害怕
望風而靡,①见对方的威势就服服帖帖||形容畏惧之状||②望见对方就为之折服倾倒||形容钦敬之状||③形容军无斗志
清原正本,比喻澈底改革以解決問題
情孚意合,形容双方思想感情融洽，合得来
深惡痛嫉,极其厌恶、痛恨
深謀遠猷,計畫周密而慮事深遠
深謀遠略,指计划得很周密，考虑得很长远
禍興蕭牆,比喻禍亂發生於內部
禍稔蕭牆,比喻禍亂發生於內部
深圖遠慮,計畫周密而慮事深遠
隨波逐塵,犹言随波逐流||比喻没有坚定的立场，缺乏判断是非的能力，只能随着别人走
禍首罪魁,犯罪作恶的首罪者
殫心竭慮,指竭盡精力與思慮
禍發蕭牆,比喻禍亂發生於內部
殫精畢力,指竭盡精力與思慮
清貧如洗,指穷得一无所有
情不自堪,感情激動得無法自我控制
淹淹一息,形容呼吸微弱，濒于死亡
欺世釣譽,比喻欺騙世人，盜取名譽。
斯文委地,指禮樂教化的典章制度被毀壞廢棄或文人不受尊重；||後亦指文人不顧操守，自甘墮落。
超類絕倫,指超出寻常，无与伦比
朝四暮三,原用以比喻只變名目，不改實質||比喻人心意不定、反覆無常||亦可用於比喻事物變化無定
殫精畢思,指竭盡精力與思慮
掣襟肘見,形容人衣衫破敗，才抓住衣襟蔽胸，又露出了手肘||比喻短缺不足、窮於應付的窘態。
銳未可當,形容氣勢威猛，所向無敵
皓齒星眸,形容女子容貌明麗
循循誘人,善於循序漸進地誘導別人
孳孳不倦,指工作或学习勤奋不知疲倦
裝模做樣,指勤下工夫，苦心經營，極為堅持的模樣
短兵接戰,指近距离搏斗||比喻面对面地进行激烈的斗争
循次而進,依照一定的步聚或次序逐步推进或提高
裝腔做勢,指故意裝出某種腔調或姿態
遺臭千年,死后恶名流传，永远受人唾骂
遺臭萬代,死后恶名流传，永远受人唾骂
緩步代車,慢步行走以代乘车
感激流涕,感激落淚，形容非常感謝
感激涕泗,感激落淚，形容非常感謝
摸棱兩可,摸物稜角兩端，摸那一端都可以。||比喻處理事情的態度含混，不表示明確的意見或主張
暗箭中人,放冷箭伤害人||比喻暗中用阴险的手段攻击或陷害别人
置之高閣,捆起来以后放在高高的架子上||比喻放着不用
路無拾遺,指东西掉在路上，人们不会捡起据为己有||形容社会风尚好
愁眉苦眼,形容愁苦的神色
愁顏不展,雙眉緊鎖，很憂愁的樣子
愁眉苦目,形容憂傷、愁苦的神色
辭嚴氣正,言辞严厉，义理正大
觸類而長,意指掌握一类事物知识或规律，就能据此而增长同类事物知识
滔滔不盡,比喻像流水一样连续不断
滔滔不竭,比喻像流水一样连续不断
兢兢翼翼,形容做事谨慎、勤恳
觸目駭心,目光所及，令人內心深受衝擊
誓山盟海,指男女相爱时立下的誓言，表示爱情要象山和海一样永恒不变
摘句尋章,摘取、搜寻文章的片断词句||指读书局限于文字的推求
意轉心回,改变想法，不再坚持过去的意见
箕裘相繼,比喻子继父业
群口鑠金,眾口所毀，雖金石猶可銷。||比喻眾口同聲，往往積非成是
端本正源,指从根本上加以整顿清理
瘦骨如柴,十分削瘦的样子
遮人眼目,指遮掩别人的视听，掩饰真情
裹尸馬革,用马皮包裹尸体||形容将士战死沙场的英勇无畏的气慨
漏網游魚,從網眼中逃出去的魚，比喻僥倖逃脫法網的人
裹足不進,形容有所顧忌，而停止腳步，不敢向前
精忠報國,为国家竭尽忠诚，牺牲一切
縮衣節口,指省吃省穿，生活节俭
德以報怨,不記仇恨，反以恩德回報他人
德深望重,形容人品德高尚，極有聲望
額手稱頌,把手放在额上，表示庆幸
鏤心刻骨,形容感念深切，难以忘怀
鶴處雞群,鶴站在雞群之中，非常突出。||比喻人的儀表才能超群脫凡
摩頂至足,犹摩顶放踵||形容不辞劳苦，不顾身体
摩頂至踵,犹摩顶放踵||形容不辞劳苦，不顾身体
激忿填膺,强烈的忿怒填满胸中||形容气愤已极
燃膏繼晷,指燃燒燈燭讀書寫作一直到第二天日光出現||形容夜以繼日地勤讀不怠
蹈規循矩,指遵守规矩
顛撲不磨,無論怎麼摔打都不破。||比喻理論真確可靠，永遠不能被改易或推翻
磨踵滅頂,指磨禿頭頂，走破腳後跟
繁文末節,过分繁琐的仪式和礼节||比喻琐碎多余的事情
濡沫涸轍,泉水乾涸，魚兒以口沫互相潤溼
燕雀處屋,比喻生活安定而失去警惕性||也比喻大祸临头而自己不知道
顛簸不破,无论怎样摔打都破不了||比喻理论学说完全正确，不会被驳倒推翻
爨桂炊玉,柴禾难得如桂木，米价贵得如珠玉||形容物价昂贵，生活艰难
戮力齊心,齊心合力，團結一致
蹈赴湯火,比喻不避艰险
藕斷絲聯,蓮藕斷了，藕絲仍相連。||比喻表面關係斷絕，實際仍有牽連。多指男女間情意未絕
鞭不及腹,原意是鞭子虽长，也不能打马肚子||比喻相隔太远，力量达不到
囊中取物,比喻事情極容易辦到
露面拋頭,露出头和面孔||原指妇女出现在大庭广众之中||现指公开露面
蠢若木雞,木雞，木頭製成的雞，任何情況下皆紋風不動，比喻修養深厚、態度沈穩
一舉兩全,指一举措而能顾全两面
仰承鼻息,比喻依靠他人生活
東床嬌婿,对女婿的美称
不共之仇,不與殺父的仇人共存於世間
倚馬成文,後用「倚馬可待」比喻文思敏捷，寫作迅速
美奐美輪,形容房屋規模高大、裝飾華美
珠連璧合,指日月、五星同时出现于天的一方||亦泛指日月五星普照天下
不識時變,比喻不知利用時運以求通達
孔席不暖,指孔子急于推行其道，到处奔走，每至一处，坐席未暖，又急急他往，不暇安居
低頭喪氣,指失意颓丧的样子
瀝膽隳肝,犹沥胆披肝||比喻开诚相见||也形容非常忠诚
心驚肉顫,形容恐懼不安，心神不寧
豺狼當路,比喻暴虐奸邪的人掌握国政
水洩不通,象是连水也流不出去||形容拥挤或包围的非常严密||同“水泄不通”
落葉歸根,飘落的枯叶，掉在树木根部||比喻事物有一定的归宿||多指客居他乡的人，终要回到本乡
饑不擇食,不管什么都吃||比喻需要急迫，顾不得选择
多華少實,只開花而不結果，比喻虛浮而不切實際
梅林止渴,後用「望梅止渴」比喻以空想來安慰自己
坐薪懸膽,坐卧在柴草上，悬胆尝其味||比喻刻苦自励，奋发图强
流連忘反,留恋不舍，忘记返回
殊塗同歸,本指由不同途径达到同一目的地||后比喻采用不同方法得到相同结果
瞠乎後矣,比喻落後很多，追趕不上
脫胎換體,原指經過修煉和服食丹藥，脫去凡胎，換俗骨為仙骨||後用以比喻澈底改變||比喻作詩文雖效法別人，但不露痕跡，且能創出新意。
一筆三過,原指書法中的一捺，筆鋒需作三次轉折，使之曲折多姿
巧言花語,形容虛假而動聽的言語
壹敗塗地,指彻底失败，不可收拾
引鴆止渴,指飲毒酒以解渴。||比喻只求解決眼前困難，而不顧將來更大的禍患
樂極哀生,歡樂到了極點，往往會轉生悲哀
死灰復然,比喻失势者重新得势或停息的事物又重新活动起来
髮引千鈞,一根头发系着千钧重的东西||比喻极危急
欲蓋彌章,形容想要掩飾過失，反而使過失更加明顯
尊俎折衝,比喻在宴席谈判中制胜对方
秋毫無取,指連細微的秋毫都不侵犯，比喻對任何東西都不侵犯、不動用
馬革裹尸,用马皮把尸体裹起来||指英勇牺牲在战场
令人深省,啟發人深刻思考而有所醒悟
反邪歸正,指改正錯誤的行為，返回正途
揮金似土,比喻極端浪費錢財
高檯明鏡,後用「明鏡高懸」比喻官吏辦事明察無私，執法公正嚴明
作法自弊,指自己立法反而使自己受害
衰當益壯,指年紀雖大但身體仍然強健，且志氣豪壯
渾淪吞棗,整个地吞下枣子||比喻笼统地接受，不加分析，食而不化
鶻崙吞棗,把枣子整个儿吞下，不细嚼辨味||常比喻在学习上食而不化，不加分析
舉軍盡沒,比喻完全喪失或澈底失敗
魚遊釜中,鱼在锅里游||比喻处境危险，快要灭亡
眼高手生,比喻要求標準高，而實行能力低。
改絃易轍,琴换弦，车改道||比喻改变原来的方向、计划、办法等
神術妙計,指神妙莫测的计谋
一矢雙穿,犹一箭双雕||比喻做一件事达到两个目的
一帆順風,比喻非常顺利，没有任何阻碍
一呼百喏,形容恭敬順從
一念差池,一個念頭的差錯
一枕南柯,指一场梦幻
一長二短,指意外的灾祸或事故
一開生面,原指重新描繪舊畫像，而使原已褪色的面貌變得鮮明、生動
一錢不直,一文錢也不值，比喻毫無價值
一趨一步,指學生追隨老師的腳步
七竅煙生,指眼耳鼻口都冒出火來，形容焦急或氣憤到了極點
七竅煙騰,指眼耳鼻口都冒出火來，形容焦急或氣憤到了極點
了無所有,什麼都沒有
入夢生花,比喻才思泉湧、文筆富麗
十全之美,十全，指治療十個人，十個人都能痊癒
下筆成詠,比喻才思敏捷，且具文采
千丈一落,本指琴聲由高驟然下降到很低
千轉萬變,形容變化無窮
口出不遜,说出的话非常不谦逊
口呿目瞪,形容受驚或受窘以致神情痴呆的樣子
大廷廣眾,指聚集很多人的公开场合
大喜踰望,因結果超過原本預期而感到特別高興
大繆不然,大错特错，完全不是这样
小試割雞,比喻有大才能，在小事上施展
尸利素餐,指空食俸禄而不尽其职，无所事事
尸祿素餐,指空食俸禄而不尽其职，无所事事
弓影浮杯,形容疑神疑鬼，自相惊扰
才高倚馬,後用「倚馬可待」比喻文思敏捷，寫作迅速
才堪倚馬,後用「倚馬可待」比喻文思敏捷，寫作迅速
不可救療,病已重到无法治疗的程度||比喻已经到了无法挽救的地步
不可擢髮,指把頭髮拔盡，也無法用以計數所犯的罪行||形容罪狀極多，難以計數
不共天地,不與殺父的仇人共存於世間
不同日月,不與殺父的仇人共存於世間
不見書傳,以往的典籍中從未記載過||於比喻缺乏根據，沒有來歷。
不直一文,鄙视之词，犹言毫无价值||比喻无能或品格卑下
不為凡響,後用來比喻特出、不平凡的人或事物
不值半文,一文錢也不值，比喻毫無價值
不動聲氣,一聲不響，不流露感情
不脩邊幅,形容不讲究衣饰仪容或不拘形式小节||亦作“不修边幅”
不暇思索,指不經過思考探求，立即做出反應
不學亡術,指不知研習經典，並從中獲取經驗與知識，以致行為處事有所偏頗或錯誤||泛指人未經學習而沒有學問才幹。
不辨菽粟,分不清哪是豆子，哪是小米||形容愚笨无知||后形容缺乏实际生产知识
不辯菽麥,分不清哪是豆子，哪是麦子||形容愚笨无知||后形容缺乏实际生产知识
中乾外強,形容馬的外表看似強壯，內在卻氣力衰竭||泛喻各種事物外表看似充實強盛，實則空虛衰弱。
予奪生殺,生存、殺害、給予、奪取。||比喻人切身的一切事情
井底蝦蟆,住在井底的青蛙。||比喻見識淺薄的人
井然不紊,形容整齊有序，條理分明
五日尹京,指只能再做五日的京兆了||比喻即將去職
分文不直,一分钱一文钱也不值||形容没有任何价值
分廷抗禮,指分處庭中，相對設禮，以平等的禮節相見。||比喻地位相當
分毫不直,一文錢也不值，比喻毫無價值
切瑳琢磨,比喻学习或研究问题时彼此商讨，互相吸取长处，改正缺点
化險為平,轉化危險為平安
反覆不常,形容變動不定，沒有定準
天地誅戮,犹天诛地灭||比喻为天地所不容
天花墜地,犹天诛地灭||比喻为天地所不容
太山壓卵,比喻強弱懸殊，穩操勝算
心正氣和,心氣平和，不急不怒
心如刀剉,犹心如刀割||内心痛苦得象刀割一样
心迴意轉,指改變心意
心猨意馬,比喻心思不專注集中
日坐針氈,後用「如坐針氈」比喻身心痛苦，惶恐難安
毛髮為聳,形容極端驚懼害怕
水火深熱,比喻處境非常艱困、痛苦
水乳相資,比喻彼此關係密切，契合無間
水流花落,①比喻飘泊不定或踪迹无常||②比喻时过境迁
以咽廢飧,因為怕噎死，而不再吃東西。||比喻曾經出過差錯，唯恐再錯而不去做該做的事。
以桃代李,比喻以自身去顶替别人
付諸一炬,一把火全部烧了
功墮垂成,指事情在即將成功時卻失敗了
包藏姦心,犹言包藏祸心
包藏逆心,懷藏詭計，圖謀害人
包羅萬彙,形容內容豐富，應有盡有
另眼看覷,犹另眼相看||《古今小说·单符郎全州佳偶》：“官府都另眼看觑，谁人轻贱你？”《二刻拍案惊奇》卷十一：“连 青箱 也算做日前有功之人，另眼看觑！别是一分颜色||” 明 王衡 《郁轮袍》第二折：“ 歧王 不曾另眼看觑咱哩||”
巧言善色,指話說得很動聽，臉色裝得很和善，可是一點也不誠懇||形容人矯情虛偽
未識一丁,不认识一个字，指没有文化的人
玉石俱燼,美玉和石頭一同被燒毀
瓦釜鳴雷,指陶製的鍋具，本來不會發生巨大聲音，但如此平庸之物竟發出如雷的巨響，比喻平庸無才德的人卻居於顯赫的高位
生死與奪,比喻人切身的一切事情
石填大海,本指炎帝幼女女娃溺死東海，化為精衛鳥，憤而銜木石以填東海的故事||後用「精衛填海」比喻心懷冤憤，立志報仇||亦比喻意志堅定，不懼艱苦
石爛松枯,一語因海枯石爛萬年難見，所以比喻歷時久遠。||又依常理，海不會枯，石不會爛，所以比喻意志堅定，永不改變。
亥豕帝虎,指因文字形似而致傳寫或刊刻錯誤。
亥豕魚魯,指因文字形似而致傳寫或刊刻錯誤。
休慼是同,形容彼此同甘共苦
列鼎鳴鐘,古代富貴人家吃飯時，擊鐘為號，列鼎而食。||形容富貴之家的奢侈豪華
列鼎撞鍾,古代富貴人家吃飯時，擊鐘為號，列鼎而食。||形容富貴之家的奢侈豪華
危如壘卵,比喻情況非常危險
危猶累卵,比喻情況非常危險
同船濟水,同乘一條船渡河，比喻同心協力，戰勝困難
同歸殊塗,原指天下万事初虽异，然终究同归于一||后泛指途径不同而结果相同
吊虎離山,比喻用計誘使對方離開他的據點，以便趁機行事，達成目的
向若之歎,形容因驚奇而仰視發出驚嘆
因咽去食,因為怕噎死，而不再吃東西。||比喻曾經出過差錯，唯恐再錯而不去做該做的事
回心改念,指改變心意
夙夜不解,形容日夜谨慎工作，勤奋不懈
多岐亡羊,比喻事理繁雜多變，求道者誤入迷途，而終無所成
好事多魔,多指男女佳期不順
好高務遠,指一味地嚮往高遠的目標而不切實際
如繭自纏,蠶吐絲結繭，將自己包裹於內
守株伺兔,比喻拘泥守成||比喻妄想不勞而獲或等著目標自己送上門來
安分潔己,安於本分，謹守其身
安貧守道,安于贫穷，恪守信仰
有名亡實,指虛有其名而無實際內容
有眼共見,指事實極為明顯，眾所周知
死心倒地,形容心意已定，不再改變
死心榻地,形容心意已定，不再改變
死灰復燎,將已經熄滅的灰燼，又重新燃燒起來，||比喻失勢者重新得勢
江淹夢筆,传说南朝梁江淹夜梦郭璞索还五色笔，尔后为诗遂无佳句||后以之比喻才思减退
百結懸鶉,比喻衣衫破烂||鹑鸟尾秃，像补缀百结，故云
老姦大猾,形容人世故老練、極為奸詐狡猾
老姦巨猾,指非常阴险狡诈的人
老馬識塗,後用「老馬識途」比喻有經驗的人對情況比較熟悉，容易把工作做好
肉圃酒池,用以形容酒肉之多
自彊不息,自己不斷努力向上，永不懈怠
至言不繁,說話精要，不囉嗦
行尸坐肉,比喻不动脑筋，不起作用，糊里糊涂过日子的人
行尸走骨,比喻不动脑筋，不起作用，糊里糊涂过日子的人
行屍視肉,比喻不动脑筋，不起作用，糊里糊涂过日子的人
兵慌馬亂,形容战争期间社会混乱不安的景象
冷眼傍觀,形容用冷靜的眼光在旁觀察
冷嘲閑諷,形容尖酸、刻薄的嘲笑和諷刺
冷嘲熱謔,形容尖酸、刻薄的嘲笑和諷刺
冷譏熱諷,形容尖酸、刻薄的嘲笑和諷刺
別出新裁,指独创一格，与众不同
利以昏智,形容受利慾迷惑，使得理智昏亂
否往泰來,指厄运过去，好运到来
呆似木雞,呆得象木头鸡一样||形容因恐惧或惊异而发愣的样子
吹毛取瑕,比喻刻意挑剔過失或缺點
困獸思鬥,比喻處於絕境，仍然奮力抵抗
坐而待弊,坐着等死||比喻遭遇危难而不采取积极的措施
壯志淩雲,形容理想宏伟远大
妝喬作勢,指故意裝出某種腔調或姿態
妝腔作勢,指故意裝出某種腔調或姿態
妝麼做勢,指故意裝出某種腔調或姿態
妝模作樣,故意做样子给人看
妝模做樣,指勤下工夫，苦心經營，極為堅持的模樣
妙策神機,指神奇的謀略，巧妙的算計||形容計策高明、預料準確
妙算神機,形容智谋无穷，善于洞察形势，计策得当
弄巧反拙,本想耍弄聪明，结果做了蠢事
弄巧翻拙,比喻枉費心機
形不離影,形容關係密切，不能分開
形孤影孑,指身形與影子都是孤獨的||形容孤單無伴
形孤影隻,形容孤独，没有同伴||同“形单影只”
忘年交誼,不拘年歲行輩而結交為友
折衝俎豆,指在酒宴談判間，不以武力制敵取勝
折衝罇俎,指在酒宴談判間，不以武力制敵取勝
投石填海,本指炎帝幼女女娃溺死東海，化為精衛鳥，憤而銜木石以填東海的故事||後用「精衛填海」比喻心懷冤憤，立志報仇||亦比喻意志堅定，不懼艱苦
改過從新,改正過失，重新作人
改調解張,指若琴瑟聲音不諧調，便得更換其弦
李代桃殭,李樹代替桃樹受蟲咬而枯死||比喻以此代彼或代人受過。
李代僵桃,李樹代替桃樹受蟲咬而枯死
杞國之憂,比喻不必要的或缺乏根据的忧虑和担心
沉魚落鴈,魚、鳥不辨美醜，即使看見美女也同樣趕緊潛水高飛
肝心塗地,犹言肝脑涂地||形容竭尽忠诚，任何牺牲都在所不惜
芒刺在躬,像是有許多細小的芒刺沾在背上。||比喻因畏忌而極度不安。
言簡意該,形容说话写文章简明扼要||同“言简意赅”
走頭沒路,無路可走。||形容處境窘困
里談巷議,邻里街巷间人们的议论谈说||指民间的议论
並作威福,君主獨攬權勢，專行賞罰
事半功百,指做事得法，因而费力小，收效大
依人藩籬,比喻作品因襲循守舊，依託他人，不能自創一格
依本葫蘆,比喻一味模仿，毫無創見
坦東床腹,指當女婿，或指稱女婿
披肝掛膽,比喻赤誠相待，忠貞不二
披瀝肝膈,比喻真心相见，倾吐心里话||也形容非常忠诚
披瀝肝膽,比喻真心相见，倾吐心里话||也形容非常忠诚
放浪無羈,放纵任性，不加检点，不受约束
易韋三絕,本指孔子勤讀《易》，致使編竹簡的皮繩多次斷裂
明珠夜投,珍貴的寶珠落入不明價值的人手裡，而得不到賞識或珍愛。||比喻懷才不遇，高才屈居下位
朋比作仇,互相勾結做壞事
枉使心機,形容徒勞無功
枉轡學步,比喻错误地模仿别人
波平風靜,無風無浪
法無二門,指法律统一，前后一致，不能随意变通
空谷跫然,居於荒野，久處寂寞，聽到人的腳步聲就高興
花唇巧舌,形容虛假而動聽的言語
迎刃以解,比喻处理事情、解决问题很顺利||同“迎刃而解”
金戈鐵甲,比喻战争||也形容战士持枪驰马的雄姿
金戈鐵騎,比喻战争||也形容战士持枪驰马的雄姿
非馬非驢,比喻事物不倫不類
邯鄲之步,比喻模仿不成，反而失去自我
邯鄲匍匐,比喻盲目效仿以致失去自己原来的长处
邯鄲故步,比喻模仿不成，反而失去自我
信不由中,指所說的話不是發自於內心。||形容言詞與心意相違背
保殘守闕,固守舊有殘缺的經文不放
係風捕景,①比喻不可能做到的事||②比喻不露形迹
冠絕前後,比喻超越古今，無與倫比
前功必棄,指以前辛苦獲得的成果，全部廢棄
前功併棄,指以前辛苦獲得的成果，全部廢棄
咬牙恨齒,形容极端仇视或痛恨||也形容把某种情绪或感觉竭力抑制住||同“咬牙切齿”
垂首喪氣,形容因失败或不顺利而情绪低落、萎蘼不振的样子||同“垂头丧气”
屋下作屋,比喻机构或文章结构重叠||同“屋下架屋”
屋烏推愛,犹言爱屋及乌||比喻爱一个人而连带地关心到与他有关的人或物
帝女填海,本指炎帝幼女女娃溺死東海，化為精衛鳥，憤而銜木石以填東海的故事||後用「精衛填海」比喻心懷冤憤，立志報仇||亦比喻意志堅定，不懼艱苦
後來之雋,稱譽後輩中的優秀人物
怒髮沖冠,形容盛怒的樣子
怨囂載道,形容群眾普遍的怨恨和不滿
恍然始悟,猛然醒悟過來
既往不究,對過去的錯誤不再追究責難
流言飛語,毫无根据的话||指背后散布的诽谤性的坏话”
洽背汗流,指汗流很多，溼透了背部，本用以形容非常慚愧、驚恐的樣子
畏頭畏尾,形容疑慮顧忌，膽小怕事。||前也畏懼，後也畏懼
相得益章,指互相配合、补充、更能显出各自的长处
相遇如賓,形容夫妻間相處融洽，互相敬愛
背車而馳,行為不合情理，做事違反正道
胡作亂為,犹胡作非为||不顾法纪或舆论，毫无顾忌地做坏事
迥然不侔,指彼此不同，相差很大
面紅面赤,指双方因争执而变脸
面能乾唾,比喻逆來順受，寬容忍讓
風光月霽,指雨过天晴时明净清新的景象||亦比喻胸襟开阔、心地坦白
風雨漂搖,比喻局势动荡不安，很不稳定
風雨飄颻,比喻局势动荡不安，很不稳定
風雲叱咤,大聲怒喝，連風雲都為之變色。||形容威風凜凜，足以左右世局
倚馬才高,比喻文思敏捷，寫作迅速
倚馬雄才,比喻文思敏捷，寫作迅速
倒屣迎之,因急著迎接客人，而將鞋子穿倒了
冤禽銜石,本指炎帝幼女女娃溺死東海，化為精衛鳥，憤而銜木石以填東海的故事||後用「精衛填海」比喻心懷冤憤，立志報仇||亦比喻意志堅定，不懼艱苦
剛愎自任,指性情倔強，自以為是
原璧歸趙,用蔺相如完璧归赵的典故||指原物归还，并无损失
孫山之外,，名落於孫山之後，指參加考試或選拔沒有被錄取
家諭戶曉,家家户户都知道||形容人所共知||同“家喻户晓”
席不及煖,形容奔走極為忙碌，沒有休息的時候
席不暇煖,形容奔走極為忙碌，沒有休息的時候
息事甯人,原指為政不生事擾民
悚若木雞,木雞，木頭製成的雞，任何情況下皆紋風不動，比喻修養深厚、態度沈穩
悚然生敬,因受感動而莊嚴地興起欽佩恭敬之心
悚然起敬,因受感動而莊嚴地興起欽佩恭敬之心
捕風繫影,風和影子均無可捉摸，「捕風捉影」比喻所做的事或所說的話毫無根據，憑空揣測
捕影繫風,风和影子都是抓不着的||比喻说话做事丝毫没有事实根据
捉李代桃,李樹代替桃樹受蟲咬而枯死
捉風捕影,比喻虚幻无实或无根据地臆测
捉襟露肘,指整一整衣襟就露出肘子||形容衣衫褴褛||引申为顾此失彼，处境困难||亦形容书法生动而有气势
根深蔕固,比喻根基堅固，不可動搖
桂薪玉粒,指柴米昂贵
桃來李答,比喻互相酬赠
殊塗一致,比喻採取的方法雖不同，所得的結果卻相同
殊塗同致,比喻採取的方法雖不同，所得的結果卻相同
殊塗同會,比喻採取的方法雖不同，所得的結果卻相同
氣憤填胸,胸中充滿因正義而激起的憤怒。
涇渭自分,比喻界限清楚或是非分明
涇渭自明,比喻界限清楚或是非分明
涇渭斯明,涇水流入渭水時，清濁不混，界限分明
海乾石爛,一語因海枯石爛萬年難見，所以比喻歷時久遠。||又依常理，海不會枯，石不會爛，所以比喻意志堅定，永不改變。
浮光略影,比喻观察不细致，学习不深入，印象不深刻
狼籍盃盤,形容宴飲進行或結束時，杯盤散亂的情形
疾者先登,比喻行動最快者先達到目的
病在膏髓,原指病位深隱難治，病情危重，無藥可救||比喻人、事已到無可挽回的程度
疲於應命,犹言疲于奔命。
素餐尸位,空占着职位而不做事，白吃饭
紙上譚兵,在纸面上谈论打仗。||比喻空谈理论，不能解决实际问题。||也比喻空谈不能成为现实。
耿耿丹心,形容極為忠誠
袁宏倚馬,後用「倚馬可待」比喻文思敏捷，寫作迅速
託公報私,借公事报私怨
豺狼塞路,豺狼橫在道路中間，比喻壞人橫行作惡
豺狼橫道,比喻坏人当权
起死迴生,使瀕死的人復生
迴山倒海,形容力量巨大，氣勢壯闊
迴山轉海,转动山海||比喻力量巨大
迴喪起死,使瀕死的人復生
酒海花天,原指在美好的環境中飲酒作樂
除根翦草,比喻除去禍根，不留後患
隻手遮天,比喻玩弄權術、瞞上欺下的行徑
馬耳春風,比喻把别人的话当作耳边风
馬耳秋風,比喻充耳不聞、無動於衷
高風苦節,高尚的品格
高臺明鏡,後用「明鏡高懸」比喻官吏辦事明察無私，執法公正嚴明
高懸秦鏡,高挂能照见人心善恶的镜子||后用以比喻官吏断案公正，执法严明
鬥角鉤心,形容宮室建築的結構精緻巧妙
旂開得勝,戰旗一張開就得勝，形容一開戰就取得勝利
偃武行文,停止武事，振兴文教
偃武興文,停止武事，振兴文教
偕老百年,白頭」，白色的頭髮
動心驚魂,形容人內心感受極深，震撼很大
問花訪柳,出外遊賞春天的景色
問柳評花,比喻狎妓
堂間處燕,比喻身處危境而不自知，毫無警惕之心
將李代桃,比喻代人受罪或彼此顶替
彫蟲小藝,本指賦的寫作不足道
得不償喪,所得的利益抵偿不了所受的损失
情不自已,犹情不自禁||感情激动得不能控制||强调完全被某种感情所支配
情同意洽,彼此的感情和心意相契合
情猨意馬,比喻心思不專注集中
探湯蹈火,犹言赴汤蹈火||比喻不怕任何艰险
掩惡揚美,指对待别人讳言其过恶，称扬其好处
推陳易新,①排除陈旧的，生出新的来||指肌体内的新陈代谢||②泛指排除旧的，创出新的
推陳致新,①排除陈旧的，生出新的来||指肌体内的新陈代谢||②泛指排除旧的，创出新的
推愛屋烏,比喻愛一個人也連帶地關愛與他有關的一切
晚成大器,貴重的器物需要長時間才能完成
望洋驚歎,形容因驚奇而仰視發出驚嘆
望塵靡及,比喻远远落在后面
欲擒姑縱,比喻為了要使對方就範，故意先放鬆一步
殺人如蒿,形容杀的人多得数不清
深根固蔕,比喻根基堅固而不動搖
深慮遠計,計畫周密而慮事深遠
盛氣陵人,指用傲慢的氣勢壓迫別人
眾射之的,指眾人射箭的靶子||比喻眾人一致攻擊的目標
眼光如炬,眼光火炬般光亮，形容人怒視
眼高手拙,比喻要求標準高，而實行能力低。
移風改俗,改变旧的风俗习惯
移風易尚,改变旧的风俗习惯
移風革俗,改变旧的风俗习惯
移罇就教,帶著酒壺移坐到他人席上共飲，以便請教
粗株大葉,比喻疏略，做事不細密。||亦用於比喻大體的輪廓。
終于正寢,指男子享盡天年，在家中自然死亡
連床各㝱,睡在同一張床上但各做各的夢，比喻共同生活或一起做事的人意見不同，各有各的打算
連篇累冊,形容篇幅过多，文辞冗长
連篇累帙,形容篇幅过多，文辞冗长
連篇累幀,形容篇幅过多，文辞冗长
逐末捨本,追求细枝末节，舍弃事物根本的、主要的部分
逢場遊戲,犹言逢场作戏||偶尔凑凑热闹
都中紙貴,形容别人的著作受人欢迎，广为流传
野人奏曝,比喻微薄的贡献
陳倉暗度,比喻出其不意、從旁突擊的戰略||後用「暗度陳倉」比喻暗中進行的活動，亦用於比喻男女私通
雪風花月,指四時美好的景色
雪裡送炭,比喻在别人急需时给以物质上或精神上的帮助
魚池之殃,指禍連池中魚||比喻無故受到牽累
魚沈鴈落,魚、鳥不辨美醜，即使看見美女也同樣趕緊潛水高飛
魚游沸釜,鱼在锅里游||比喻处境十分危险，有行将灭亡之虞
魚遊沸鼎,鱼在锅里游||比喻处境十分危险，有行将灭亡之虞
魚遊釜內,鱼在锅里游||比喻处境十分危险，有行将灭亡之虞
魚遊釜底,鱼在锅里游||比喻处境十分危险，有行将灭亡之虞
麻痺不仁,对外界事物反应迟钝或没有感情
埳井之蛙,废井里的青蛙||比喻见识不多的人
傍人籬落,比喻依赖他人
傍觀縮手,形容置身事外，不予過問
博覽五車,指读书多，学识渊博
尋花覓柳,原指赏玩春天的景色||后旧小说用来指宿娼
惡勞樂佚,貪圖安逸而不願勞動
惡聲狼籍,指肆意妄為，名聲惡劣
惠施五車,形容人書讀很多，學識廣博
掣衿露肘,形容人衣衫破敗，才抓住衣襟蔽胸，又露出了手肘
揭竿為旗,高舉竹竿作為號召、指揮群眾的旗幟||本指秦末陳涉倉促起義，反抗暴秦的事跡
揮毫立馬,後用「倚馬可待」比喻文思敏捷，寫作迅速
棟充牛汗,形容書籍極多
游魚得水,如魚游水之姿，比喻筆法的靈活
無孔不鑽,比喻善于钻营
無地可容,指无处藏身，形容慌乱、羞愧至极，处境窘迫
無妄之憂,平白无故遭灾的忧虑
無有倫比,没有比得上
無所措手,形容没有办法，不知如何是好
無脛而走,犹无胫而行||常以喻良才不招而自至爱贤者之门
結舌瞠目,形容吃驚、受窘的樣子
街談巷諺,大街小巷里人们的议论||指民间的舆论
街譚巷議,大街小巷里人们的议论||指民间的舆论
酣鴆止渴,飲毒酒以解渴。||比喻只求解決眼前困難，而不顧將來更大的禍患
開布誠信,比喻誠意待人，坦白無私
黃粱一夢,比喻虚幻不能实现的梦想
黃鐘長棄,比喻贤才不用
亂作蕭牆,比喻禍亂發生於內部
剷草除根,比喻除去禍根，不留後患
塞耳盜鐘,比喻自欺欺人，硬要掩盖掩盖不了的事情
塞源端本,比喻澈底改革以解決問題
意氣干雲,形容志氣高遠
感極涕零,感激之极而流下眼泪||形容极为感激
愛莫助之,指內心雖然同情，想要幫助卻無能為力
搜攪枯腸,搜尋枯空的肚腸
楚歌四面,比喻四面被围，陷入孤立危急的困境
當路豺狼,豺狼橫在道路中間，比喻壞人橫行作惡
萬貫纏腰,指身上有大筆的錢財||比喻財富極多
義不容卻,道義上不容許推卻
義無返顧,秉持正義，勇往直前，絕不退縮
群龍无首,群龍出現，卻無領袖||比喻一群人中缺乏領導者
腰纏十萬,指身上有大筆的錢財||比喻財富極多
腳踹實地,比喻做事切實穩健
腹心之憂,形容致命的禍患或隱藏在內部的危害
落鴈沉魚,魚、鳥不辨美醜，即使看見美女也同樣趕緊潛水高飛
葫蘆畫樣,比喻一味模仿，毫無創見
載塗怨讟,形容群眾普遍的怨恨和不滿
辟君三舍,指作戰時，將部隊往後撤退九十里
遊魚在鼎,指魚在鍋中游動||比喻身處險境，危在旦夕
達權應變,指不墨守常規，根據實際情況作適當的處置
遏斷行雲,形容歌聲響亮高妙
過隙之駒,指快馬從縫隙一下子就奔馳過去。||比喻時間過得很快
隔靴抓痒,比喻说话作文不中肯，不贴切，没有抓住要点||或做事没有抓住关键||同“隔靴搔痒”
隔靴搔痒,隔着靴子搔痒痒||比喻说话作文不中肯，不贴切，没有抓住要点||或做事没有抓住关键
電捲風馳,指像風那樣奔跑，像電光那樣急閃而過||形容速度極快
鼎食鳴鐘,击钟列鼎而食||形容贵族的豪华生活排场
跫然之音,居於荒野，久處寂寞，聽到人的腳步聲就高興
壽陵忘步,比喻模仿不成，反而失去自我
夢寐魂求,形容願望強烈而迫切
夢筆花生,比喻才思泉湧、文筆富麗
夢熟黃粱,指唐代盧生投宿旅店，店主正蒸黃粱時，盧生作了一場富貴夢，醒時黃粱都未蒸熟的故事||比喻榮華富貴如夢般短暫而虛幻，且終歸泡影
夢覺黃粱,指唐代盧生投宿旅店，店主正蒸黃粱時，盧生作了一場富貴夢，醒時黃粱都未蒸熟的故事||比喻榮華富貴如夢般短暫而虛幻，且終歸泡影
對病用藥,指針對病症開方用藥||比喻針對癥結所在，做有效的處理
對證下藥,比喻针对事物的问题所在，采取有效的措施||同“对症下药”
對證用藥,指針對病症開方用藥||比喻針對癥結所在，做有效的處理
弊帚自珍,对自家的破旧扫帚，也看作很珍贵||比喻对己物的珍视
慣養嬌生,在備受寵愛縱容中成長
摧朽拉枯,摧折枯朽的草木||形容轻而易举||也比喻摧毁腐朽势力的强大气势
漂搖風雨,受風雨的吹打而搖晃
滿臉春風,形容心情喜悦，满脸笑容
禍生蕭牆,比喻禍亂發生於內部
管中闚天,透過竹管看天，僅見天的一小部分。||比喻見識片面而狹窄
精禽填海,本指炎帝幼女女娃溺死東海，化為精衛鳥，憤而銜木石以填東海的故事|比喻心懷冤憤，立志報仇||亦比喻意志堅定，不懼艱苦
精衛塞海,本指炎帝幼女女娃溺死東海，化為精衛鳥，憤而銜木石以填東海的故事|比喻心懷冤憤，立志報仇||亦比喻意志堅定，不懼艱苦
精衛銜木,本指炎帝幼女女娃溺死東海，化為精衛鳥，憤而銜木石以填東海的故事|比喻心懷冤憤，立志報仇||亦比喻意志堅定，不懼艱苦
精衛銜石,本指炎帝幼女女娃溺死東海，化為精衛鳥，憤而銜木石以填東海的故事|比喻心懷冤憤，立志報仇||亦比喻意志堅定，不懼艱苦
精衛銜薪,本指炎帝幼女女娃溺死東海，化為精衛鳥，憤而銜木石以填東海的故事|比喻心懷冤憤，立志報仇||亦比喻意志堅定，不懼艱苦
綵筆生花,比喻才思有很大的进步
蒼狗白雲,比喻事物变幻无常
誤學邯鄲,比喻模仿不成，反而失去自我
銜石冤禽,本指炎帝幼女女娃溺死東海，化為精衛鳥，憤而銜木石以填東海的故事|比喻心懷冤憤，立志報仇||亦比喻意志堅定，不懼艱苦
銜石填海,比喻为实现既定目标，坚韧不拔地奋斗到底
銜沙填海,犹言衔石填海||比喻为实现既定目标，坚韧不拔地奋斗到底
魂銷魄散,魂魄離開身體，形容非常恐懼害怕
魂飄魄散,形容惊恐万状
價抵連城,後用「價值連城」形容物品十分珍貴
影不離形,形容關係密切，不能分開
影隻形單,犹形单影只||只有自己的身体和自己的影子||形容孤独，没有同伴
影單形隻,指身形與影子都是孤獨的||形容孤單無伴
德邵年高,指年紀大而品德好
慮遠謀深,計畫周密而慮事深遠
憂心如惔,形容非常焦急憂慮
憤時嫉俗,憤恨不合理的社會現狀，憎恨邪惡的勢力
撞鐘鼎食,古代富貴人家吃飯時，擊鐘為號，列鼎而食。||形容富貴之家的奢侈豪華
數行並下,形容閱讀速度的快速
暴虎憑河,指不用武器，空手與虎搏鬥
樓臺近水,比喻占得地利之便，先得機會
樂業安居,愉快地从事自己的职业，过着安定的生活||形容生活、生产、思想状况安定正常
樂極生哀,欢乐到了极点，将转而发生悲伤的事
樂極災生,歡樂到了極點，往往會轉生悲哀
樂極哀來,欢乐到了极点，将转而发生悲伤的事
樂盡哀生,犹言乐极生悲||欢乐到了极点，将转而发生悲伤的事
潛濡默被,犹潜移默化||指人的思想或性格不知不觉受到感染、影响而发生了变化
穀馬礪兵,犹言秣马厉兵
衝口成章,從口中說出的話有章法有文理
論定棺蓋,人一生的是非功過，要到死後才能論定
踞虎盤龍,形容地势雄伟壮丽
餘響遶梁,形容歌声优美，给人留下难忘的印象。
髮上衝冠,犹言发上指冠||形容极度愤怒
彊弩之末,強勁弓弩所射出的箭，到射程盡頭，已經沒有力道。||比喻原本強大的力量已經衰竭，不能再發揮效用
據隴望蜀,指平定隴西之後，又想進軍蜀地
樽俎折衝,指不以武力而在宴席交谈中制胜敌人||后泛指外交谈判活动||折冲，使敌人战车后撤，指击退敌军
瞠乎後已,犹言瞠乎其后
瞠目作舌,"眼睛瞪得大大的,一时语塞。||形容惊骇的样子"
瞠目撟舌,"眼睛瞪得大大的,一时语塞。||形容惊骇的样子"
磨杵作針,形容只要肯下功夫，再难的事也能成
積重難反,经过长时间形成的思想作风或习惯，很难改变
興高彩烈,原指文章志趣高尚，言词犀利||后多形容兴致高，精神饱满
蕭牆之變,比喻禍亂發生於內部
駭人聞見,使人目见耳闻感到震惊
駭人聞聽,使人听了非常吃惊、害怕
默化潛移,指人的思想或性格不知不觉受到感染、影响而发生了变化
應接無暇,形容景物繁多，來不及觀賞
應答如響,对答有如回声||形容答话敏捷流利
擊鐘陳鼎,击钟列鼎而食||形容贵族的豪华排场
擊鐘鼎食,打钟列鼎而食||形容贵族或富人生活奢华
擢髮不勝,指把頭髮拔盡，也無法用以計數所犯的罪行||形容罪狀極多，難以計數
擢髮莫數,拔下全部头发，也难以数清||形容罪行多得数不清
擢髮數罪,指把頭髮拔盡，也無法用以計數所犯的罪行||形容罪狀極多，難以計數
聳動聽聞,"故意说夸大或奇特的话,使人听了震惊"
虧於一簣,比喻事情只差最後一步，卻因未能堅持到底而前功盡棄
螳臂拒輪,指螳螂立於車道中，舉起雙臂，妄想要阻擋車子前進||比喻不自量力
避重逐輕,指避开较重的责任，拣轻的承担
還童返少,由衰老恢復年輕
隱天動地,形容聲音很大
歛襟危坐,形容莊重誠敬的樣子
闇度陳倉,比喻出其不意、從旁突擊的戰略||後用「暗度陳倉」比喻暗中進行的活動，亦用於比喻男女私通
斷章取意,指不顾全篇文章或谈话的内容，孤立地取其中的一段或一句的意思
曜威燿武,指炫耀武力，誇示威風
璧合珠聯,比喻众美毕集，相得益彰
蟲篆小技,本指賦的寫作不足道
蟠根錯節,犹言盘根错节
豐食美衣,形容生活富裕
離鄉避井,指離開故鄉，在外地生活
雞犬無寧,比喻被嚴重騷擾
雞群之鶴,比喻人的儀表才能超群脫凡
雞群鶴立,比喻人的儀表才能超群脫凡
雞鳴起舞,指胸怀大志、及时奋发的豪壮气概
雞膚鶴髮,皮肤发皱，头发苍白||指老人||同“鸡皮鹤发”
鞭約近裡,指研究學問要自我鞭策，深入精微之處
鞭辟著裡,指研究學問要自我鞭策，深入精微之處
鞭擗向裡,指研究學問要自我鞭策，深入精微之處
壞法婪贓,指貪汙受賄，破壞法紀
攀龍託鳳,犹言攀龙附凤
瀝血披肝,比喻竭尽忠诚、恳挚的心意
識塗老馬,老马认识路||比喻对某种事物十分熟悉的人
難起蕭牆,比喻禍亂發生於內部
觸面崩心,目光所及，令人內心深受衝擊
觸景生懷,看見眼前景象而引發內心種種情緒
饑者無擇,飢餓的人不選擇食物
爛熳天真,形容心地纯真，不虚伪做作
護過飾非,掩护错误、文饰过失
辯同河瀉,說起話來像瀑布一樣滔滔不絕，比喻能言善辯
囊空羞澀,晉阮孚因囊袋無錢而感羞澀
襲人牙慧,牙慧，言談間流露出的智慧
竊鐘掩耳,自欺欺人
驚心駭矚,指看到后内心感到震惊
驚蛇打草,比喻某甲受到懲戒，而使某乙、丙等知所警惕
鷸蚌相危,比喻双方相持不下，而使第三者从中得利
鷸蚌相鬥,比喻双方相持不下，而使第三者从中得利
驥老伏櫪,比喻人雖年老，仍懷雄心壯志
鑿空指鹿,比喻故意颠倒黑白、混淆是非
驩欣鼓舞,歡樂興奮的樣子
麤枝大葉,谓文字或话语简略概括
攧撲不碎,比喻理論真確可靠，永遠不能被改易或推翻
渾掄吞棗,比喻笼统地接受，不加分析，食而不化
如花似玉,像花和玉那样美好||形容女子姿容出众
如狼似虎,象狼和虎一样凶狠||比喻非常凶暴残忍
吟風弄月,旧指文人写作或朗诵以风月等自然景色为题材的作品||现多形容作品空虚无聊
姑息養奸,无原则地宽容，只会助长坏人作恶
放浪形骸,指行动不受世俗礼节的束缚
不念舊惡,不计较过去的怨仇
我行我素,不管人家怎样说，仍旧按照自己平素的一套去做
弔民伐罪,慰问受苦的人民，讨伐有罪的统治者
毀家紓難,捐献所有家产，帮助国家减轻困难
五世其昌,五世之后，子孙昌盛||旧时用于祝人新婚
日暮途窮,天已晚了，路已走到了尽头||比喻处境十分困难，到了末日||也形容穷困到极点
呼天搶地,大声叫天，用头撞地||形容极度悲伤
錦衣玉食,精美的衣食||形容豪华奢侈的生活
作姦犯科,为非作歹，触犯法令
好為人師,喜欢当别人的教师||形容不谦虚，自以为是，爱摆老资格
作奸犯科,为非作歹，触犯法令
眉目清秀,形容面貌清秀俊麗
利己損人,为了使自己得到好处而损害别人利益
損人益己,犹损人利己||损害别人，使自己得到好处
損己利人,损害自己，使别人得利
損己益人,使別人蒙受損失而讓自己得到利益
損人肥己,犹损人利己||损害别人，使自己得到好处
眉清目朗,见“ 眉清目秀 ”
清眉秀目,形容面貌清秀俊麗
目秀眉清,形容面貌清秀俊麗
眉彎目秀,形容面貌清秀俊麗
眉目清明,形容面貌清秀俊麗
苗而未秀,比喻人的資質雖好，但始終沒有成就
後日方長,將來的日子還很長
來日正長,將來的日子還很長
苗而不穗,比喻人的資質雖好，但始終沒有成就
瑕不揜瑜,比喻缺点掩盖不了优点，缺点是次要的，优点是主要的
瑕不掩瑜,比喻缺点掩盖不了优点，缺点是次要的，优点是主要的
瑕不自揜,指玉上的斑點與光澤同時出現
瑕瑜不掩,指玉上的斑點與光澤同時出現
直上青雲,比喻官运亨通，直登高位
青霄直上,指迅速升到很高的地位
青臉獠牙,形容面容非常凶惡可怕
惹草拈花,比喻男女调情||多指调戏妇女
粘花惹草,比喻到处留情，多指男女间的挑逗引诱
惹草粘花,比喻男子在外挑逗、勾搭女子，到處留情
弄草拈花,比喻男子在外挑逗、勾搭女子，到處留情
拈花摘草,比喻男子在外挑逗、勾搭女子，到處留情
招花惹草,指挑逗、勾引女子
惹草沾花,比喻男女调情||多指调戏妇女
惹草黏花,比喻男子在外挑逗、勾搭女子，到處留情
碩果不食,沒被摘食而留下來的大果實
碩果猶存,沒被摘食而留下來的大果實
碩果天留,沒被摘食而留下來的大果實
碩果天遺,沒被摘食而留下來的大果實
牽腸惹肚,腸」、「肚」借指心思||比喻十分掛念，放心不下
牽腸割肚,①形容非常想念||②形容内心悲痛如刀割
掛肚牽心,形容忧虑不安的心情
割肚牽腸,形容非常牵挂，很不放心
挂肚牽腸,极言牵挂，挂念
牽腸挂肚,形容十分惦念，放心不下
掛肚牽腸,极言牵挂，挂念
繫肚牽腸,借指心思||比喻十分掛念，放心不下
懸腸掛肚,形容挂念之深切
同心一力,团结一致，共同努力
同心并力,团结一致，共同努力
協力同心,团结一致，共同努力
並力同心,團結一致，共同努力
同心合力,团结一致，共同努力
併力同心,團結一致，共同努力
年少老成,年紀雖輕，舉止卻成熟穩重，辦事老練
舉眼無親,抬起眼睛，看不见一个亲人。||比喻单身在外，人地生疏。
舉目無依,指孤單無依
負老攜幼,背着老人，带着孩子||形容百姓全体出动，流离失所的悲惨情景
攜幼扶老,搀着老人，领着小孩||同“扶老携幼”
扶老將幼,指男女老幼全體出動的情況
負老提幼,形容百姓全体出动，流离失所的悲惨情景
錦心繡腑,比喻心思精巧，能寫出華美的作品
錦心繡腸,形容文思优美，聪明有才
錦腸繡舌,比喻心思精巧，能寫出華美的作品
錦心繡腹,形容优美的文思，华丽的辞藻
錦繡心腸,意思是满腹诗文，善出佳句||同“锦绣肝肠”
繡口錦心,锦、绣：精美鲜艳的丝织品||形容文思优美，词藻华丽
牢不可拔,形容事情或觀念已經固定，難以改變
牢不可解,形容事情或觀念已經固定，難以改變
蓬戶增光,比喻他人所贈之物或貴客之來訪令人倍感光彩
蓬蓽生光,比喻他人所贈之物或貴客之來訪令人倍感光彩
蓬甕生輝,比喻他人所贈之物或貴客之來訪令人倍感光彩
輝生蓬蓽,比喻他人所贈之物或貴客之來訪令人倍感光彩
蓬屋生輝,比喻他人所贈之物或貴客之來訪令人倍感光彩
蓬蓽增輝,比喻他人所贈之物或貴客之來訪令人倍感光彩
延壽益年,拉長歲數，增加壽命||多作為頌祝人長壽的用詞
延齡增壽,拉長歲數，增加壽命||多作為頌祝人長壽的用詞
益壽延齡,拉長歲數，增加壽命||多作為頌祝人長壽的用詞
益壽延年,指延长寿命，增加岁数
譁世取寵,犹言哗众取宠||以浮夸的言论迎合群众，骗取群众的信赖和支持
取寵譁世,用迎合眾人喜好的言語行動，博取他人對自己的喜愛
束手待盡,比喻危難時不想辦法解決，坐等敗亡
束手受斃,比喻遇到困难不积极想办法，坐着等失败。
束手待死,比喻遇到困难不积极想办法，坐着等失败
龍淵虎穴,指龍蛇潛伏的深淵，老虎藏身的洞穴
虎窟龍潭,龙居住的深水潭，虎栖身的巢穴||比喻极其凶险的地方
龍潭虎窟,龙居住的深水潭，虎栖身的巢穴||比喻极其凶险的地方
虎穴龍潭,龙潜居的深水坑，老虎藏身的巢穴||比喻极险恶的地方
臨河欲魚,比喻空有愿望，而无实际行动。
臨川羨魚,比喻空有愿望，而无实际行动
臨河羨魚,比喻空有愿望，而无实际行动
羨魚結網,比喻雖有欲望，卻沒有實際行動
臨淵之羨,比喻雖有欲望，卻沒有實際行動
臨淵結網,比喻平时不作准备，事到临头才采取措施
恢廓大度,心胸开阔，气量宏大，不计较个人的利害得失
宏達大度,形容心胸寬闊、度量宏大，能容人
寬仁大度,为人宽厚，心胸豁达
寬洪大度,指待人宽厚，度量大，能容人||同“宽宏大度”
大度豁達,形容心胸寬闊、度量宏大，能容人
恢宏大度,心胸开阔，气量宏大
有始有卒,指做事能贯彻始终，坚持到底
乘龍佳壻,比喻好女壻
乘龍女壻,比喻好女婿
乘龍之客,比喻好女婿
快婿乘龍,比喻好女婿
牝雞牡鳴,母鸡报晓||旧时比喻妇女窃权乱政
牝雞晨鳴,母鸡报晓||旧时比喻妇女窃权乱政
牝雞司旦,母鸡报晓||旧时比喻妇女窃权乱政
司晨牝雞,比喻女性當權
冰潔淵清,犹冰清玉洁
淵清玉潔,比喻品行高潔磊落
冰清玉粹,比喻德行高洁
玉潔冰清,象玉那样洁白，象冰那样清净||形容人心地纯洁，品行端正
冰潔玉清,比喻德行高洁
不期而會,①未经约定而意外地遇见||②未经约定而自动聚集
形影自憐,看著自己的形影，想到自己的遭遇，自我憐憫
弔影自憐,看著自己的形影，想到自己的遭遇，自我憐憫
隻影自憐,看著自己的形影，想到自己的遭遇，自我憐憫
好大喜誇,好大」，喜愛做大事
侈功好大,好大」，喜愛做大事
喜功好大,好大」，喜愛做大事
近朱者赤,靠近朱砂容易被染成紅色，靠近黑墨則容易被染成黑色
近墨者黑,靠近朱砂容易被染成紅色，靠近黑墨則容易被染成黑色
近硃者赤,靠近朱砂容易被染成紅色，靠近黑墨則容易被染成黑色
如花似月,形容女子姿容出众||同“如花似玉”
似玉如花,比喻男子風姿俊秀
如玉如花,比喻男子風姿俊秀
如狼如虎,形容勇猛、猛烈
如虎如狼,形容像狼、虎般行動迅速，威武勇猛
如龍似虎,形容勇猛有活力
似虎如狼,形容像狼、虎般行動迅速，威武勇猛
吟風咏月,指詩人以清風、明月等題材來吟詠詩句
吟弄風月,指詩人以清風、明月等題材來吟詠詩句
詠月嘲風,指描写风云月露等景象而思想内容贫乏的写作
弄月嘲風,指描写风云月露等景象而思想内容贫乏的写作
嘲弄風月,指詩人以清風、明月等題材來吟詠詩句
嘲風詠月,指描写风云月露等景象而思想内容贫乏的写作
吟風詠月,旧指文人写作或朗诵以风月等自然景色为题材的作品||现多形容作品空虚无聊
嘯月吟風,指詩人以清風、明月等題材來吟詠詩句
嘲風弄月,指描写风云月露等景象而思想内容贫乏的写作
弄月吟風,指赏玩、吟咏风月美景
姑息惠姦,過於寬容、放縱
姑息惠奸,過於寬容、放縱
姑息養姦,過於寬容、放縱
形骸放浪,指放縱性情於形體之外
放浪形跡,指放縱性情於形體之外
放蕩形骸,行为放纵，不拘礼节
脫略形骸,指放縱性情於形體之外
形骸脫略,指放縱性情於形體之外
豈念舊惡,不記以往的過錯嫌隙
我行我法,指依所居地位做分內的事
伐罪弔民,讨伐有罪，拯救百姓||常用以作为发动战争的口号
伐罪弔人,讨伐有罪，拯救百姓||常用以作为发动战争的口号
毀家紓國,捐献所有家产，帮助国家减轻困难||同“毁家纾难”
毀家抒難,傾盡家產以解救國家危難
日暮路遠,比喻处境十分困难，到了末日||也形容穷困到极点||同“日暮途远”
日暮道遠,比喻处境十分困难，到了末日||也形容穷困到极点||同“日暮途远”
道遠日暮,道路很遥远，而且太阳西沉了||比喻还有很多事要做，可时间不多了
日暮途遠,天已晚了，路已走到了尽头||比喻处境十分困难，到了末日||也形容穷困到极点
日暮塗殫,天已晚了，路已走到了尽头||比喻处境十分困难，到了末日||也形容穷困到极点
日暮窮途,天已晚了，路已走到了尽头||比喻处境十分困难，到了末日||也形容穷困到极点
途遙日暮,犹日暮途穷||比喻到了走投无路的或衰亡的境地
途窮日暮,犹日暮途穷
呼天號地,哭叫天地||形容极为冤屈、怨恨或痛苦||亦作“呼天叫地”
籲地呼天,呼天唤地||形容极度悲切
呼天喚地,哭天叫地，形容极为痛苦
搶地呼天,大声叫天，用头撞地||形容极度悲伤
綺襦玉食,華麗的衣服，精緻的美食
錦衣肉食,形容豪华奢侈的生活
玉食錦衣,精美的衣食||形容豪华奢侈的生活
鳥語花香,鸟叫得好听，花开得喷香||形容春天的美好景象
花香鳥語,形容春天动人的景象
花香鳥鳴,形容景色美好
極樂世界,佛教指阿弥陀佛居住的地方||后泛指幸福安乐的地方
火燒眉毛,火烧到眉毛||比喻事到眼前，非常急迫
正人君子,旧时指品行端正的人||现多作讽刺的用法，指假装正经的人
目不暇給,美好新奇的事物太多，眼睛来不及看
目不給賞,眼睛来不及观赏||形容景物优美繁多
目不給視,形容眼前美好事物不斷或景物變化太快，讓人來不及觀賞
目不暇接,指东西多，眼睛都看不过来
目不暇賞,形容眼前美好事物不斷或景物變化太快，讓人來不及觀賞
駑馬十駕,原意是骏马一天的路程，驽马虽慢，但努力不懈，走十天也可以到达||比喻智力低的人只要刻苦学习，也能追上资质高的人
駑馬十舍,用马拉车，一天为一驾，十驾指十天路程||谓驽马奋力拉车，亦可至远||比喻能力低下的人只要奋勉从事，同样能达到目的
十駕難及,指劣馬拉車十天，也可以跑得很遠||比喻才智平庸的人，若能努力不懈，也能趕得上聰明的人
十駕莫及,指劣馬拉車十天，也可以跑得很遠||比喻才智平庸的人，若能努力不懈，也能趕得上聰明的人
雀屏中選,指被選為女婿||被選中
金屏選中,指被選為女婿||被選中
射屏之約,指被選為女婿||被選中
雀屏中目,指被選為女婿||被選中
金屏之選,指被選為女婿||被選中
雀屏之選,指被選為女婿||被選中
異口同聲,不同的嘴说出相同的话||指大家说得都一样
異人同辭,形容眾人的說法或看法相同
異口同辭,不同的人说同样的话.形容意见一致.
異口一言,形容眾人的說法或看法相同
異口同音,不同人说同样的话，形容看法、意见完全一致
異聲同辭,形容眾人的說法或看法相同
異口同詞,形容眾人的說法或看法相同
異舌同辭,形容眾人的說法或看法相同
一口同聲,犹一口同音
一口同音,犹言众口一词
異口同喙,形容眾人的說法或看法相同
異喙同辭,形容眾人的說法或看法相同
千山萬水,万道河，千重山||形容路途艰难遥远
萬水千山,万道河，千重山||形容路途艰难遥远
千水萬山,形容路途艰难遥远
不三不四,指不正派，也指不象样子
沒三沒四,指不正經、不像樣
天長地久,跟天和地存在的时间那样长||形容时间悠久||也形容永远不变（多指爱情）
地久天長,时间长，日子久
天長地老,犹天长地久
天長地遠,指天地永恆無窮的存在
地永天長,指天地永恆無窮的存在
履險如夷,走在危险的地方就象走在平地一样||比喻平安地渡过困境
履險若夷,走险路如行平地||比喻不畏困难或本领高强
赴險如夷,走向危险的道路，看作像平坦的大道||形容不避艰险
履困如夷,指走在危險的路上就像走在平地一樣平順||比喻人在艱難危險之中，能沉著應付，安然度過
端人君子,品行端正的人
回光返照,指太阳刚落山时，由于光线反射而发生的天空中短时发亮的现象||比喻人死前精神突然兴奋||也比喻事物灭亡前夕的表面兴旺
迴光反照,指日落时由于反射作用而天空中短时发亮||比喻人死前精神突然兴奋||也比喻事物灭亡前夕的短暂兴旺
迴光返照,指太阳刚落山时，由于光线反射而发生的天空中短时发亮的现象||比喻人死前精神突然兴奋||也比喻事物灭亡前夕的表面兴旺
回光反照,指日落时由于反射作用而天空中短时发亮||比喻人死前精神突然兴奋||也比喻事物灭亡前夕的短暂兴旺
返照回光,佛教语||指用佛性对照检查，自我反省
不即不離,指对人既不接近，也不疏远||多指对人似亲非亲、似疏非疏的关系
脣槍舌劍,舌如剑，唇象枪||形容辩论激烈，言词锋利，象枪剑交锋一样
舌劍脣鎗,舌如剑，唇象枪。||形容争辩激烈，言词锋利，针锋相对，各不相让。
竊竊私語,背地里小声说话
切切細語,指私下低聲談論
竊竊偶語,指私下低聲談論
切切私語,指私下小声说话
一息尚存,还有一口气||指生命的最后阶段
一息僅存,還有一口氣息存在，指仍活在世上
一息猶存,還有一口氣息存在，指仍活在世上
一息尚在,還有一口氣息存在，指仍活在世上
尚存一息,還有一口氣息存在，指仍活在世上
獨善其身,原意是做不上官就修养好自身||现指只顾自己，不管别人
獨善一身,指只顾自己，不管别人||同“独善其身”
張牙舞爪,形容猛兽凶恶可怕||也比喻猖狂凶恶
舞爪張牙,原形容猛兽的凶相，后常用来比喻猖狂凶恶的样子
張牙奮爪,張口露出尖牙，舞動銳利指爪||形容猛獸發威的模樣
張牙露爪,張口露出尖牙，舞動銳利指爪||形容猛獸發威的模樣
露爪張牙,張口露出尖牙，舞動銳利指爪||形容猛獸發威的模樣
奮爪張牙,張口露出尖牙，舞動銳利指爪||形容猛獸發威的模樣
鍥而不舍,不断地镂刻||比喻有恒心，有毅力
鍥而弗舍,指一直刻下去而不停止||比喻有恆心毅力，堅持到底不懈怠
棄甲曳兵,丢掉盔甲，拖着武器||形容打败仗狼狈逃跑的样子
棄甲負弩,丢弃铠甲，背起弓弩||形容战败
丟盔卸甲,形容吃了败仗狼狈逃跑的景象
棄甲丟盔,形容打了败仗狼狈逃走的样子
九泉之下,死人埋葬的地方，即在阴间
重泉幽壤,人死後鬼魂所在之處
重泉之下,人死後鬼魂所在之處
豈有此理,哪有这个道理||指别人的言行或某一事物极其荒谬
安有此理,怎麼會有這種道理||透過反問語氣，表達對荒謬事情難以接受
豈有是理,哪有这个道理||指别人的言行或某一事物极其荒谬
焉有是理,怎麼會有這種道理||透過反問語氣，表達對荒謬事情難以接受
龐然大物,指高大笨重的东西||现也用来形容表面上很强大但实际上很虚弱的事物
心無二用,指做事要专心，注意力必须集中
心不兩用,指一个人的心思一时只能专注于一事
心無兩用,指專注做某事，不分心
心無二想,指專注做某事，不分心
痴人說夢,原指对痴人说梦话而痴人信以为真||比喻凭借荒唐的想象胡言乱语
痴兒說夢,不明事理的痴人，聽完荒誕說法後卻信以為真
大失所望,表示原来的希望完全落空
甚失所望,指非常失望
大失所欲,指非常失望
殊失所望,指非常失望
微不足道,微小得很，不值得一提||指意义、价值等小得不值得一提
卑不足道,指卑微藐小，不值得一谈
目不轉睛,眼珠子一动不动地盯着看||形容注意力集中
目不暫瞬,指眼珠子一動也不動
目不轉瞬,指眼珠子一動也不動
眼不轉睛,指眼睛注视不动。||形容专注
目不旁瞬,指眼珠子一動也不動
目不轉視,指眼珠子一動也不動
身體力行,亲身体验，努力实行
身力行之,指親身實踐
深體力行,指親身實踐
身心力行,指親身實踐
身體力驗,指親身實踐
力行身體,指親身實踐
雙雕一箭,指射箭技術高超||後用「一箭雙鵰」比喻一次舉動，可以同時達成兩個目標
瞬息萬變,在极短的时间内就有很多变化||形容变化很多很快
頃刻萬變,形容在極短的時間內變化迅速
一息萬變,形容在極短的時間內變化迅速
瞬息千變,形容在极短的时间之内变化多而快。
瞬息百變,形容在極短的時間內變化迅速
大功告成,指巨大工程或重要任务宣告完成
大功畢成,指大工程或大任务宣告完成||同“大功告成”
厥功告成,指完成偉大、艱鉅的事務
大功垂成,指完成偉大、艱鉅的事務
大工告竣,指完成偉大、艱鉅的事務
大功告蕆,指完成偉大、艱鉅的事務
大功告竣,指完成偉大、艱鉅的事務
禍從口出,灾祸从口里产生出来||指说话不谨慎容易惹祸
樂此不疲,因酷爱干某事而不感觉厌烦||形容对某事特别爱好而沉浸其中
樂且不疲,特別喜好做某些事，而不覺得厭煩、疲倦
中流擊楫,比喻立志奋发图强
擊楫中流,比喻立志奋发图强
中流擊枻,比喻立志奋发图强。
郢書燕說,比喻牵强附会，曲解原意
燕燭郢書,比喻穿鑿附會，曲解原意
燕書郢說,比喻穿鑿附會，曲解原意
出人意表,出乎人们意料之外
出於意外,指出乎人的意料之外
出於料外,讓人意想不到
出於意表,指出乎人的意料之外
超人意表,讓人意想不到
絕人意表,讓人意想不到
意出人表,讓人意想不到
出人意外,出于人们的意料之外，都没想到的
出人意料,出乎人们意料之外
出乎意外,用于意想、预料之外
先見之明,事先看清问题的能力||指对事物发展的预见性
先知之明,指具備預先洞察事物的能力
形形色色,指各式各样，种类很多
色色形形,各種形態樣貌
擇善而從,指选择好的学，按照好的做
擇善而行,指选择有益的事去做
擇從其善,選擇好的去追隨、採用
人聲鼎沸,形容人群的声音吵吵嚷嚷，就象煮开了锅一样
蜜口劍腹,犹言口蜜腹剑
撟抂過正,矫枉过正||指纠正偏差而超过必要的限度
似是而非,好像是对的，实际上不对
似之而非,外形看起來相同，但實際上卻不同
類是而非,外形看起來相同，但實際上卻不同
